Soil Type,GLCM Contrast,Wavelet Energy,Entropy,Histogram RGB Mean,Crop
Alluvial Soil,588.4818792,26105810167,7.559532082,5964.84375,Rice
Alluvial Soil,487.4451171,21953497191,7.547282103,6591.796875,Rice
Alluvial Soil,2857.365986,10924869997,7.634024301,2605.46875,Rice
Alluvial Soil,1174.854459,20547681215,7.259204381,4854.6875,Rice
Alluvial Soil,580.0196369,1311262526,6.569394577,350.390625,Pulses
Alluvial Soil,964.5849579,2155491041,6.778837167,620.75,Pulses
Alluvial Soil,677.8970709,12980378704,7.434187886,2732,Pulses
Alluvial Soil,3731.392842,9182361850,7.853763573,1875,Rice
Alluvial Soil,1305.008134,3518017006,7.429329658,615.78125,Pulses
Alluvial Soil,567.9871875,2605216146,4.084364198,581.875,Pulses
Alluvial Soil,979.6248537,14585962624,7.520402857,3164.0625,Rice
Alluvial Soil,470.9510596,223279885,6.844555906,105.5,Grapes
Alluvial Soil,1554.326093,2768257384,7.593905397,585.15625,Rice
Alluvial Soil,860.4006841,970539178.8,7.308058266,220.3046875,Rice
Alluvial Soil,917.4755382,1269723062,7.392181442,235.078125,Rice
Alluvial Soil,917.4755382,1269723062,7.392181442,235.078125,Rice
Alluvial Soil,1326.916018,669173474.3,7.079398309,159.6875,Pulses
Alluvial Soil,1305.155167,684119372.3,7.130406953,159.6875,Pulses
Alluvial Soil,1126.783552,648979280.5,6.983653206,159.6875,Pulses
Alluvial Soil,474.1937404,3787016345,6.54306229,585.15625,Pulses
Alluvial Soil,474.1937404,3787016345,6.54306229,585.15625,Pulses
Alluvial Soil,950.9351218,2475396977,7.171660541,469.21875,Pulses
Alluvial Soil,1091.774499,2682045446,6.553594742,379.53125,Pulses
Alluvial Soil,1091.774499,2682045446,6.553594742,379.53125,Pulses
Alluvial Soil,859.9892061,813472735.5,7.38628091,159.6875,Pulses
Alluvial Soil,332.0385116,2972616864,6.457858637,428.75,Pulses
Alluvial Soil,510.0932666,1138765701,7.108952096,239.7421875,Pulses
Alluvial Soil,474.1425689,2422863003,6.496579255,426.5625,Pulses
Alluvial Soil,363.5945703,3167122850,6.071980055,426.5625,Grapes
Alluvial Soil,491.9442854,1503085662,7.529774246,345.5625,Pulses
Alluvial Soil,1100.037474,3408648917,6.856187098,426.5625,Pulses
Alluvial Soil,378.5626549,2601712167,7.109831857,379.53125,Pulses
Alluvial Soil,1058.174096,2303601314,7.582214172,428.75,Rice
Alluvial Soil,425.5725973,7226273297,7.073610402,1030.3125,Pulses
Alluvial Soil,291.9727688,14785955699,7.017180251,1659.375,Pulses
Alluvial Soil,487.4609572,9685207198,7.382662455,1659.375,Pulses
Alluvial Soil,356.9107768,2385485650,7.320476428,505.3125,Pulses
Alluvial Soil,773.5174342,818954131.5,6.824259192,426.5625,Pulses
Alluvial Soil,307.1088339,2486130452,6.513736479,496.5625,Grapes
Alluvial Soil,1762.32653,14570543777,7.655338022,2500,Rice
Alluvial Soil,257.0283331,2719413255,5.551386677,379.53125,Grapes
Alluvial Soil,222.7910839,2738481064,5.577874434,379.53125,Grapes
Alluvial Soil,222.7910839,2738481064,5.577874434,379.53125,Grapes
Alluvial Soil,601.7990667,1160569855,6.935468118,297,Pulses
Alluvial Soil,601.7990667,1160569855,6.935468118,297,Pulses
Alluvial Soil,1174.866379,1469630892,7.249686355,277.5,Rice
Alluvial Soil,746.8358951,2621010316,7.345716754,426.5625,Pulses
Alluvial Soil,569.742331,1515832811,6.97677194,429.84375,Pulses
Alluvial Soil,569.742331,1515832811,6.97677194,429.84375,Pulses
Alluvial Soil,507.4804798,1721046770,6.941328452,429.84375,Rice
Alluvial Soil,286.6788808,1339213718,6.885051521,304.765625,Pulses
Alluvial Soil,450.4839428,10095362577,7.165421498,1656.25,Rice
Alluvial Soil,527.8166887,3863175711,6.783727743,512.59375,Rice
Alluvial Soil,626.7017401,4398507175,6.876984935,643.5,Pulses
Alluvial Soil,570.5504345,2085399084,6.543428122,426.5625,Pulses
Alluvial Soil,2098.876311,2175227153,7.653185836,426.5625,Rice
Alluvial Soil,278.4351964,1982915164,6.299456599,426.5625,Pulses
Alluvial Soil,526.7172673,1652471503,6.938720161,426.5625,Pulses
Alluvial Soil,418.2780764,2482343113,7.266769845,426.5625,Rice
Alluvial Soil,457.1453491,2187694264,7.071228208,505.3125,Pulses
Alluvial Soil,435.0865389,844728287.3,6.555025205,159.6875,Pulses
Alluvial Soil,418.2780764,2482343113,7.266769845,426.5625,Rice
Alluvial Soil,510.0932666,1138765701,7.108952096,239.7421875,Pulses
Alluvial Soil,612.9471609,1023744424,7.073857102,146.8125,Pulses
Alluvial Soil,612.9471609,1023744424,7.073857102,146.8125,Pulses
Alluvial Soil,449.0530478,639045643.8,7.35702427,270.25,Pulses
Alluvial Soil,606.6407655,937305664.3,6.714847384,426.5625,Pulses
Alluvial Soil,796.7544684,1072288446,6.901807441,207.2460938,Pulses
Alluvial Soil,789.9365491,232304200,7.200969269,39.0625,Grapes
Alluvial Soil,363.5945703,3167122850,6.071980055,426.5625,Pulses
Alluvial Soil,720.6433555,120324754.3,7.263392196,39.0625,Grapes
Alluvial Soil,1009.330033,559211527.3,7.567114219,197.2265625,Rice
Alluvial Soil,1725.879087,872251807.8,7.393748477,196.2304688,Rice
Alluvial Soil,1859.576389,969985177.5,7.808604419,196.5820313,Rice
Alluvial Soil,1283.772865,239171165.3,7.807723481,39.0625,Rice
Alluvial Soil,323.1979715,13833849548,6.194788841,2365.3125,Pulses
Alluvial Soil,198.5501407,2149924198,4.272969979,2070.25,Pulses
Alluvial Soil,860.4006841,970539178.8,7.308058266,220.3046875,Rice
Alluvial Soil,929.5470346,15189343121,7.567463995,4854.6875,Rice
Alluvial Soil,588.4818792,26105810167,7.559532082,5964.84375,Rice
Alluvial Soil,487.4451171,21953497191,7.547282103,6591.796875,Rice
Alluvial Soil,2857.365986,10924869997,7.634024301,2605.46875,Rice
Alluvial Soil,1174.854459,20547681215,7.259204381,4854.6875,Rice
Alluvial Soil,580.0196369,1311262526,6.569394577,350.390625,Pulses
Alluvial Soil,964.5849579,2155491041,6.778837167,620.75,Pulses
Alluvial Soil,677.8970709,12980378704,7.434187886,2732,Pulses
Alluvial Soil,3731.392842,9182361850,7.853763573,1875,Rice
Alluvial Soil,1305.008134,3518017006,7.429329658,615.78125,Pulses
Alluvial Soil,567.9871875,2605216146,4.084364198,581.875,Pulses
Alluvial Soil,979.6248537,14585962624,7.520402857,3164.0625,Rice
Alluvial Soil,929.5470346,15189343121,7.567463995,4854.6875,Rice
Alluvial Soil,560.4344027,2314562483,6.837802287,407.96875,Pulses
Alluvial Soil,690.6371062,214049896.3,6.824993446,39.0625,Pulses
Alluvial Soil,2356.657372,629508031.3,7.533809338,197.421875,Pulses
Alluvial Soil,755.2572394,689335722,6.615122165,196.5234375,Pulses
Alluvial Soil,1009.330033,559211527.3,7.567114219,197.2265625,Rice
Alluvial Soil,1725.879087,872251807.8,7.393748477,196.2304688,Rice
Alluvial Soil,839.093377,1083175303,6.997148799,196.8828125,Pulses
Alluvial Soil,1709.662465,1102344962,7.257049327,196.5,Pulses
Alluvial Soil,903.9424719,888808626,7.303722466,196.875,Pulses
Alluvial Soil,1045.969896,1149667393,7.491041388,197.296875,Pulses
Alluvial Soil,254.9239422,145254279,6.129061329,39.0625,Pulses
Alluvial Soil,1027.933117,880462440.5,7.537138426,196.171875,Pulses
Alluvial Soil,347.5459151,1439139738,7.376519632,196.9375,Pulses
Alluvial Soil,2177.754322,100564043,7.248985173,39.0625,Pulses
Alluvial Soil,547.1148196,737655484.5,6.540664373,196.875,Pulses
Alluvial Soil,789.9365491,232304200,7.200969269,39.0625,Grapes
Alluvial Soil,720.6433555,120324754.3,7.263392196,39.0625,Grapes
Alluvial Soil,1851.860999,190026735,7.448221349,39.0625,Pulses
Alluvial Soil,542.967461,1290289266,7.142143318,196.2734375,Rice
Alluvial Soil,925.7790395,522832886.8,7.553259215,196.5820313,Pulses
Alluvial Soil,2269.735528,641610572.8,7.601963511,196.5820313,Rice
Alluvial Soil,698.4685541,115922153.5,6.456445207,197.7539063,Pulses
Alluvial Soil,1548.7565,1043962173,7.456355758,196.8632813,Rice
Alluvial Soil,1851.860999,190026735,7.448221349,39.0625,Pulses
Alluvial Soil,2620.959307,1097296782,7.570461565,196.2734375,Rice
Alluvial Soil,1075.229437,117673570.8,6.794082865,39.0625,Pulses
Alluvial Soil,264.3451729,135560645,6.08559406,39.0625,Pulses
Alluvial Soil,894.4292589,760434537,7.570817421,197.296875,Rice
Alluvial Soil,435.0159266,790523009.3,7.171147535,197.3828125,Pulses
Alluvial Soil,1859.576389,969985177.5,7.808604419,196.5820313,Rice
Alluvial Soil,1615.59398,834867246.8,7.524747419,197.7539063,Pulses
Alluvial Soil,1283.772865,239171165.3,7.807723481,39.0625,Rice
Alluvial Soil,1416.079039,1115460715,7.446959796,196.8828125,Pulses
Alluvial Soil,343.9122977,897701597.8,7.032204376,197.7539063,Rice
Alluvial Soil,1226.997139,1234199770,7.866064733,197.7539063,Pulses
Alluvial Soil,611.2485863,13946473858,6.684089735,2365.3125,Grapes
Alluvial Soil,639.3585908,13935477037,6.690468404,2365.3125,Grapes
Alluvial Soil,686.0671678,13945967495,6.713327694,2365.3125,Grapes
Alluvial Soil,688.6965759,13935606800,6.713890805,2365.3125,Grapes
Alluvial Soil,679.0937701,13942526468,6.706790832,2365.3125,Grapes
Alluvial Soil,687.2585722,14282789749,6.697768911,2365.3125,Grapes
Alluvial Soil,693.3293245,14280571594,6.694718519,2365.3125,Grapes
Alluvial Soil,702.1657522,13936267592,6.720077675,2365.3125,Grapes
Alluvial Soil,616.3182635,14653728437,6.77598847,2365.3125,Grapes
Alluvial Soil,672.8073346,14295123783,6.691890068,2365.3125,Grapes
Alluvial Soil,678.1333671,14281796942,6.68702331,2365.3125,Grapes
Alluvial Soil,682.3989497,14259721330,6.688675474,2365.3125,Grapes
Alluvial Soil,685.1516398,14285109592,6.69300643,2365.3125,Grapes
Alluvial Soil,685.5626664,14273803489,6.706867805,2365.3125,Grapes
Alluvial Soil,668.2745446,14288835142,6.682718055,2365.3125,Grapes
Alluvial Soil,616.2740473,14644258538,6.768486675,2365.3125,Grapes
Alluvial Soil,600.3124882,14636943844,6.758567381,2365.3125,Grapes
Alluvial Soil,655.6817191,14278652016,6.674448819,2365.3125,Grapes
Alluvial Soil,613.490128,14635076765,6.769207204,2365.3125,Grapes
Alluvial Soil,668.8784016,14510382418,6.761522145,2365.3125,Grapes
Alluvial Soil,613.8968072,14675543492,6.779974557,2365.3125,Grapes
Alluvial Soil,681.7842339,14284730151,6.700791544,2365.3125,Grapes
Alluvial Soil,685.1463264,14273432724,6.691148539,2365.3125,Grapes
Alluvial Soil,380.6705346,13754778560,6.220382047,2365.3125,Grapes
Alluvial Soil,374.4713909,13778033807,6.225881538,2365.3125,Grapes
Alluvial Soil,363.0389583,13785175131,6.220540106,2365.3125,Grapes
Alluvial Soil,689.7808027,14255772211,6.692318501,2365.3125,Grapes
Alluvial Soil,352.0190355,13779419103,6.215876998,2365.3125,Grapes
Alluvial Soil,383.2104297,13774952657,6.235646159,2365.3125,Grapes
Alluvial Soil,368.6532357,13775340710,6.228342413,2365.3125,Grapes
Alluvial Soil,668.8985815,14423751118,6.731290336,2365.3125,Grapes
Alluvial Soil,349.2029566,13776963944,6.208788321,2365.3125,Grapes
Alluvial Soil,317.2663526,13785239951,6.182892325,2365.3125,Grapes
Alluvial Soil,356.3716886,13795595052,6.218376761,2365.3125,Pulses
Alluvial Soil,341.8517938,13787267726,6.209699526,2365.3125,Pulses
Alluvial Soil,301.6866568,13806387817,6.17168747,2365.3125,Pulses
Alluvial Soil,278.9337062,13827149111,6.145268895,2365.3125,Pulses
Alluvial Soil,287.1104509,13829773128,6.155714048,2365.3125,Pulses
Alluvial Soil,303.7081511,13820184311,6.171417847,2365.3125,Pulses
Alluvial Soil,292.4182559,13817755999,6.161234117,2365.3125,Pulses
Alluvial Soil,284.410058,13845071659,6.150191385,2365.3125,Pulses
Alluvial Soil,257.5332538,13866648717,6.121645673,2365.3125,Pulses
Alluvial Soil,1027.836592,10240651769,7.02469667,2365.3125,Rice
Alluvial Soil,1024.636062,10315603557,7.023789221,2365.3125,Rice
Alluvial Soil,1020.938044,10300384355,7.021804169,2365.3125,Rice
Alluvial Soil,1029.073846,10260599473,7.025292794,2365.3125,Rice
Alluvial Soil,1023.452069,10263867844,7.023040673,2365.3125,Rice
Alluvial Soil,265.8324442,13865510698,6.127410137,2365.3125,Pulses
Alluvial Soil,1021.409394,10334553789,7.021844521,2365.3125,Rice
Alluvial Soil,1017.125618,10351584796,7.021010309,2365.3125,Rice
Alluvial Soil,1040.930033,10297520442,7.029056068,2365.3125,Rice
Alluvial Soil,1013.727188,10359929608,7.019709676,2365.3125,Rice
Alluvial Soil,613.9779909,14596791151,6.757184748,2365.3125,Grapes
Alluvial Soil,1018.665333,10335293186,7.021164749,2365.3125,Rice
Alluvial Soil,1010.501527,10397049703,7.017835903,2365.3125,Rice
Alluvial Soil,1004.243226,10400936431,7.014545979,2365.3125,Rice
Alluvial Soil,924.061472,17114585369,7.170445007,2365.3125,Grapes
Alluvial Soil,612.5259369,14545442625,6.741369783,2365.3125,Grapes
Alluvial Soil,922.8845707,17101917245,7.171663952,2365.3125,Grapes
Alluvial Soil,917.6900134,17121006928,7.169354024,2365.3125,Grapes
Alluvial Soil,796.2907401,17117264700,7.063809431,2365.3125,Grapes
Alluvial Soil,653.5161167,14473032385,6.742216516,2365.3125,Grapes
Alluvial Soil,925.9835921,17072735313,7.170734307,2365.3125,Grapes
Alluvial Soil,795.8090335,17057942655,7.061404257,2365.3125,Grapes
Alluvial Soil,926.6239721,17080464885,7.172664338,2365.3125,Grapes
Alluvial Soil,762.5932341,16983994496,7.119824711,2365.3125,Grapes
Alluvial Soil,790.6086111,17010285535,7.057362276,2365.3125,Grapes
Alluvial Soil,799.7628238,17055933080,7.062395611,2365.3125,Grapes
Alluvial Soil,791.0211562,17131903140,7.060238624,2365.3125,Grapes
Alluvial Soil,766.1262501,17008147400,7.119124846,2365.3125,Grapes
Alluvial Soil,764.7877547,16998320237,7.122341793,2365.3125,Grapes
Alluvial Soil,764.7669117,16990313806,7.120563336,2365.3125,Grapes
Alluvial Soil,797.65478,16998019329,7.060732287,2365.3125,Grapes
Alluvial Soil,760.3461385,17006727095,7.120336213,2365.3125,Grapes
Alluvial Soil,386.4582957,3920511567,6.946586285,1062.90625,Pulses
Alluvial Soil,386.4582957,3920511567,6.946586285,1062.90625,Pulses
Alluvial Soil,265.9126695,19616411431,7.505829738,6451.171875,Rice
Alluvial Soil,265.9126695,19616411431,7.505829738,6451.171875,Rice
Alluvial Soil,333.254788,3109131471,7.095754323,685.7851563,Rice
Alluvial Soil,833.3127249,17022925118,7.144737891,2365.3125,Rice
Alluvial Soil,1022.310969,17079891046,7.201517956,2365.3125,Rice
Alluvial Soil,867.6291669,16983163380,7.084186615,2365.3125,Rice
Alluvial Soil,822.6301893,17015246989,7.14148736,2365.3125,Rice
Alluvial Soil,864.2424451,17005745455,7.082453561,2365.3125,Rice
Alluvial Soil,827.0576316,16998760115,7.141659572,2365.3125,Rice
Alluvial Soil,827.2091753,17006077958,7.142823075,2365.3125,Rice
Alluvial Soil,855.8427693,17021601508,7.078978727,2365.3125,Rice
Alluvial Soil,828.4273397,17016649225,7.139576265,2365.3125,Rice
Alluvial Soil,825.5519706,16992400518,7.14089297,2365.3125,Rice
Alluvial Soil,856.220766,17137825839,7.081214406,2365.3125,Rice
Alluvial Soil,856.8417743,17019941419,7.079074096,2365.3125,Rice
Alluvial Soil,866.4295551,17064262795,7.084003498,2365.3125,Rice
Alluvial Soil,862.546479,17065045880,7.082790382,2365.3125,Rice
Alluvial Soil,1018.998925,17072557489,7.198866461,2365.3125,Rice
Alluvial Soil,727.7921168,14484984602,6.779380862,2365.3125,Pulses
Alluvial Soil,861.2363698,17125727326,7.084446862,2365.3125,Rice
Alluvial Soil,787.0206239,13958908964,6.762290047,2365.3125,Grapes
Alluvial Soil,1011.148382,17120376615,7.19778867,2365.3125,Rice
Alluvial Soil,1017.303849,17100547650,7.200233843,2365.3125,Pulses
Alluvial Soil,683.1616774,14557416775,6.77804112,2365.3125,Rice
Alluvial Soil,1017.439259,17114491052,7.198654077,2365.3125,Grapes
Alluvial Soil,1096.469078,10408800112,7.04646807,2365.3125,Rice
Alluvial Soil,1104.752445,10404670092,7.050418601,2365.3125,Pulses
Alluvial Soil,683.9494822,14608348648,6.792885254,2365.3125,Rice
Alluvial Soil,1111.887884,10342870522,7.053220329,2365.3125,Grapes
Alluvial Soil,1105.783669,10367932105,7.05134558,2365.3125,Rice
Alluvial Soil,1136.126375,10304794177,7.061130853,2365.3125,Pulses
Alluvial Soil,1110.869507,10358517529,7.053260564,2365.3125,Rice
Alluvial Soil,1115.228017,10342529002,7.053851882,2365.3125,Grapes
Alluvial Soil,1117.592768,10271135342,7.055311261,2365.3125,Rice
Alluvial Soil,308.4287454,13871481662,6.175900145,2365.3125,Pulses
Alluvial Soil,1123.943181,10269187703,7.057632203,2365.3125,Rice
Alluvial Soil,1113.505752,10308038205,7.053645347,2365.3125,Grapes
Alluvial Soil,1118.073677,10323459047,7.055657284,2365.3125,Rice
Alluvial Soil,1121.84555,10248516495,7.056957081,2365.3125,Pulses
Alluvial Soil,299.1748799,13872933197,6.16915713,2365.3125,Grapes
Alluvial Soil,330.3755806,13851026179,6.200754756,2365.3125,Rice
Alluvial Soil,339.3787111,13824466653,6.212616003,2365.3125,Pulses
Alluvial Soil,352.4928503,13827099839,6.22330133,2365.3125,Rice
Alluvial Soil,333.8681382,13836059052,6.206344121,2365.3125,Grapes
Alluvial Soil,323.1979715,13833849548,6.194788841,2365.3125,Rice
Alluvial Soil,350.8079433,13812990610,6.224141694,2365.3125,Pulses
Alluvial Soil,396.7977132,13793945704,6.266558155,2365.3125,Rice
Alluvial Soil,413.1318129,13800884314,6.276437744,2365.3125,Grapes
Alluvial Soil,758.3777429,14296941185,6.740276858,2365.3125,Rice
Alluvial Soil,762.3082734,14284965385,6.731551611,2365.3125,Pulses
Alluvial Soil,367.2575801,13791262656,6.236647187,2365.3125,Grapes
Alluvial Soil,408.0690048,13786240370,6.27375786,2365.3125,Rice
Alluvial Soil,744.5275462,14435959723,6.769151748,2365.3125,Pulses
Alluvial Soil,404.307996,13782879933,6.265760436,2365.3125,Rice
Alluvial Soil,766.2340179,14281584426,6.73297345,2365.3125,Grapes
Alluvial Soil,427.4096696,13782380024,6.287280667,2365.3125,Rice
Alluvial Soil,768.2644038,14267900812,6.733202305,2365.3125,Pulses
Alluvial Soil,420.8100249,13791412452,6.279257454,2365.3125,Rice
Alluvial Soil,443.9465279,13780743793,6.295744416,2365.3125,Grapes
Alluvial Soil,435.06308,13785545612,6.286207233,2365.3125,Rice
Alluvial Soil,441.0424119,13761661327,6.282666726,2365.3125,Pulses
Alluvial Soil,683.4774855,14687398963,6.815701018,2365.3125,Rice
Alluvial Soil,730.2480323,14289397562,6.714624155,2365.3125,Grapes
Alluvial Soil,687.5662238,14665822545,6.812201032,2365.3125,Rice
Alluvial Soil,779.8949254,13948197946,6.759323636,2365.3125,Pulses
Alluvial Soil,770.4842541,14292710832,6.735268472,2365.3125,Rice
Alluvial Soil,764.7658226,14295209530,6.737771252,2365.3125,Pulses
Alluvial Soil,764.7020105,13947342084,6.752297265,2365.3125,Rice
Alluvial Soil,753.8371692,13954157305,6.745599916,2365.3125,Pulses
Alluvial Soil,761.9027894,13958127631,6.75194641,2365.3125,Rice
Alluvial Soil,711.762912,13946202067,6.729102396,2365.3125,Grapes
Alluvial Soil,680.9182383,13957301440,6.721116008,2365.3125,Rice
Alluvial Soil,683.8529731,14647403921,6.805483224,2365.3125,Pulses
Alluvial Soil,743.7607472,14522300568,6.798692937,2365.3125,Rice
Alluvial Soil,670.5672549,14648154787,6.795622412,2365.3125,Grapes
Alluvial Soil,687.2022448,14656301370,6.804384965,2365.3125,Rice
Alluvial Soil,761.2695005,14285319377,6.745622409,2365.3125,Pulses
Alluvial Soil,745.2366173,14300040696,6.723903618,2365.3125,Rice
Alluvial Soil,762.3719215,14295741666,6.733408184,2365.3125,Pulses
Alluvial Soil,760.7482571,14270858297,6.729548359,2365.3125,Grapes
Alluvial Soil,755.4618599,14293047776,6.727656603,2365.3125,Rice
Alluvial Soil,748.4569209,14306966891,6.731471583,2365.3125,Pulses
Alluvial Soil,204.3049942,1100166133,4.163690408,2070.25,Rice
Alluvial Soil,111.0364968,578715030.8,2.507562533,2070.25,Grapes
Alluvial Soil,111.6590083,578573721,2.500200014,2070.25,Rice
Alluvial Soil,204.2794113,1099991419,4.160615509,2070.25,Pulses
Alluvial Soil,111.9453522,578325305.8,2.500555691,2070.25,Rice
Alluvial Soil,112.2720753,578464499.5,2.509962394,2070.25,Grapes
Alluvial Soil,203.5441113,1100375647,4.15976377,2070.25,Rice
Alluvial Soil,221.4434323,1725101680,3.701034318,2070.25,Pulses
Alluvial Soil,114.0236475,907157487.3,2.205634303,2070.25,Rice
Alluvial Soil,113.9883269,907750011.3,2.202707774,2070.25,Grapes
Alluvial Soil,221.4868807,1725372872,3.698423086,2070.25,Rice
Alluvial Soil,113.9815123,906826406.3,2.206851992,2070.25,Pulses
Alluvial Soil,114.1473387,907686131,2.204255695,2070.25,Rice
Alluvial Soil,221.0899362,1725285161,3.6921407,2070.25,Grapes
Alluvial Soil,246.3247824,1575339133,3.006242747,2070.25,Rice
Alluvial Soil,96.39581781,811285733.8,1.718027778,2070.25,Pulses
Alluvial Soil,95.3904949,811129992,1.723671781,2070.25,Rice
Alluvial Soil,246.3415286,1575264663,3.011792895,2070.25,Grapes
Alluvial Soil,95.22289834,811529773.3,1.725204005,2070.25,Rice
Alluvial Soil,95.04266331,810916618.5,1.722002167,2070.25,Pulses
Alluvial Soil,247.7756001,1575488965,3.006750049,2070.25,Rice
Alluvial Soil,201.2558391,2149786557,4.259105529,2070.25,Grapes
Alluvial Soil,108.5190134,1128758938,2.549098275,2070.25,Rice
Alluvial Soil,109.4650203,1129409598,2.543868651,2070.25,Pulses
Alluvial Soil,201.24375,2149670911,4.271576105,2070.25,Rice
Alluvial Soil,109.4863949,1128693244,2.553666993,2070.25,Grapes
Alluvial Soil,108.9335369,1128825296,2.55087175,2070.25,Rice
Alluvial Soil,198.5501407,2149924198,4.272969979,2070.25,Pulses
Alluvial Soil,2147.545382,6407963399,7.295731834,1530.765625,Rice
Alluvial Soil,430.2269308,4943087666,7.259554095,1062.5,Pulses
Alluvial Soil,1009.851631,1331899554,7.558275003,474,Rice
Alluvial Soil,693.3286185,2166466231,7.491285629,551.640625,Pulses
Alluvial Soil,560.4344027,2314562483,6.837802287,407.96875,Rice
Alluvial Soil,690.6371062,214049896.3,6.824993446,39.0625,Grapes
Alluvial Soil,2356.657372,629508031.3,7.533809338,197.421875,Rice
Alluvial Soil,755.2572394,689335722,6.615122165,196.5234375,Pulses
Alluvial Soil,1009.330033,559211527.3,7.567114219,197.2265625,Rice
Alluvial Soil,1725.879087,872251807.8,7.393748477,196.2304688,Pulses
Alluvial Soil,839.093377,1083175303,6.997148799,196.8828125,Rice
Alluvial Soil,1709.662465,1102344962,7.257049327,196.5,Pulses
Alluvial Soil,903.9424719,888808626,7.303722466,196.875,Rice
Alluvial Soil,1045.969896,1149667393,7.491041388,197.296875,Grapes
Alluvial Soil,254.9239422,145254279,6.129061329,39.0625,Rice
Alluvial Soil,1027.933117,880462440.5,7.537138426,196.171875,Pulses
Alluvial Soil,347.5459151,1439139738,7.376519632,196.9375,Rice
Alluvial Soil,2177.754322,100564043,7.248985173,39.0625,Rice
Alluvial Soil,547.1148196,737655484.5,6.540664373,196.875,Pulses
Alluvial Soil,789.9365491,232304200,7.200969269,39.0625,Rice
Alluvial Soil,720.6433555,120324754.3,7.263392196,39.0625,Rice
Alluvial Soil,1851.860999,190026735,7.448221349,39.0625,Rice
Alluvial Soil,542.967461,1290289266,7.142143318,196.2734375,Pulses
Alluvial Soil,925.7790395,522832886.8,7.553259215,196.5820313,Pulses
Alluvial Soil,2269.735528,641610572.8,7.601963511,196.5820313,Pulses
Alluvial Soil,1548.7565,1043962173,7.456355758,196.8632813,Pulses
Alluvial Soil,1851.860999,190026735,7.448221349,39.0625,Rice
Alluvial Soil,2620.959307,1097296782,7.570461565,196.2734375,Pulses
Alluvial Soil,1075.229437,117673570.8,6.794082865,39.0625,Rice
Alluvial Soil,264.3451729,135560645,6.08559406,39.0625,Rice
Alluvial Soil,894.4292589,760434537,7.570817421,197.296875,Pulses
Alluvial Soil,435.0159266,790523009.3,7.171147535,197.3828125,Pulses
Alluvial Soil,1859.576389,969985177.5,7.808604419,196.5820313,Pulses
Alluvial Soil,1615.59398,834867246.8,7.524747419,197.7539063,Pulses
Alluvial Soil,1283.772865,239171165.3,7.807723481,39.0625,Rice
Alluvial Soil,1416.079039,1115460715,7.446959796,196.8828125,Pulses
Alluvial Soil,343.9122977,897701597.8,7.032204376,197.7539063,Pulses
Alluvial Soil,1226.997139,1234199770,7.866064733,197.7539063,Pulses
Alluvial Soil,611.2485863,13946473858,6.684089735,2365.3125, Grapes
Alluvial Soil,639.3585908,13935477037,6.690468404,2365.3125, Grapes
Alluvial Soil,686.0671678,13945967495,6.713327694,2365.3125, Grapes
Alluvial Soil,688.6965759,13935606800,6.713890805,2365.3125, Grapes
Alluvial Soil,679.0937701,13942526468,6.706790832,2365.3125, Grapes
Alluvial Soil,687.2585722,14282789749,6.697768911,2365.3125, Grapes
Alluvial Soil,693.3293245,14280571594,6.694718519,2365.3125, Grapes
Alluvial Soil,702.1657522,13936267592,6.720077675,2365.3125, Grapes
Alluvial Soil,616.3182635,14653728437,6.77598847,2365.3125, Grapes
Alluvial Soil,672.8073346,14295123783,6.691890068,2365.3125, Grapes
Alluvial Soil,678.1333671,14281796942,6.68702331,2365.3125, Grapes
Alluvial Soil,682.3989497,14259721330,6.688675474,2365.3125, Grapes
Alluvial Soil,685.1516398,14285109592,6.69300643,2365.3125, Grapes
Alluvial Soil,685.5626664,14273803489,6.706867805,2365.3125, Grapes
Alluvial Soil,668.2745446,14288835142,6.682718055,2365.3125, Grapes
Alluvial Soil,616.2740473,14644258538,6.768486675,2365.3125, Grapes
Alluvial Soil,600.3124882,14636943844,6.758567381,2365.3125, Grapes
Alluvial Soil,655.6817191,14278652016,6.674448819,2365.3125, Grapes
Alluvial Soil,613.490128,14635076765,6.769207204,2365.3125, Grapes
Alluvial Soil,668.8784016,14510382418,6.761522145,2365.3125, Grapes
Alluvial Soil,613.8968072,14675543492,6.779974557,2365.3125, Grapes
Alluvial Soil,681.7842339,14284730151,6.700791544,2365.3125, Grapes
Alluvial Soil,685.1463264,14273432724,6.691148539,2365.3125, Grapes
Alluvial Soil,380.6705346,13754778560,6.220382047,2365.3125, Grapes
Alluvial Soil,374.4713909,13778033807,6.225881538,2365.3125, Grapes
Alluvial Soil,363.0389583,13785175131,6.220540106,2365.3125, Grapes
Alluvial Soil,689.7808027,14255772211,6.692318501,2365.3125, Grapes
Alluvial Soil,352.0190355,13779419103,6.215876998,2365.3125, Grapes
Alluvial Soil,383.2104297,13774952657,6.235646159,2365.3125, Grapes
Alluvial Soil,368.6532357,13775340710,6.228342413,2365.3125, Grapes
Alluvial Soil,668.8985815,14423751118,6.731290336,2365.3125, Grapes
Alluvial Soil,349.2029566,13776963944,6.208788321,2365.3125, Grapes
Alluvial Soil,317.2663526,13785239951,6.182892325,2365.3125, Grapes
Alluvial Soil,356.3716886,13795595052,6.218376761,2365.3125, Grapes
Alluvial Soil,341.8517938,13787267726,6.209699526,2365.3125, Grapes
Alluvial Soil,301.6866568,13806387817,6.17168747,2365.3125, Grapes
Alluvial Soil,278.9337062,13827149111,6.145268895,2365.3125, Grapes
Alluvial Soil,287.1104509,13829773128,6.155714048,2365.3125, Grapes
Alluvial Soil,303.7081511,13820184311,6.171417847,2365.3125, Grapes
Alluvial Soil,292.4182559,13817755999,6.161234117,2365.3125, Grapes
Alluvial Soil,284.410058,13845071659,6.150191385,2365.3125, Grapes
Alluvial Soil,257.5332538,13866648717,6.121645673,2365.3125, Grapes
Alluvial Soil,1027.836592,10240651769,7.02469667,2365.3125, Grapes
Alluvial Soil,1024.636062,10315603557,7.023789221,2365.3125, Grapes
Alluvial Soil,1020.938044,10300384355,7.021804169,2365.3125, Grapes
Alluvial Soil,1029.073846,10260599473,7.025292794,2365.3125, Grapes
Alluvial Soil,1023.452069,10263867844,7.023040673,2365.3125, Grapes
Alluvial Soil,265.8324442,13865510698,6.127410137,2365.3125, Grapes
Alluvial Soil,1021.409394,10334553789,7.021844521,2365.3125, Grapes
Alluvial Soil,1017.125618,10351584796,7.021010309,2365.3125, Grapes
Alluvial Soil,1040.930033,10297520442,7.029056068,2365.3125, Grapes
Alluvial Soil,1013.727188,10359929608,7.019709676,2365.3125, Grapes
Alluvial Soil,613.9779909,14596791151,6.757184748,2365.3125, Pulses
Alluvial Soil,1018.665333,10335293186,7.021164749,2365.3125, Grapes
Alluvial Soil,1010.501527,10397049703,7.017835903,2365.3125, Grapes
Alluvial Soil,1004.243226,10400936431,7.014545979,2365.3125, Grapes
Alluvial Soil,924.061472,17114585369,7.170445007,2365.3125, Grapes
Alluvial Soil,612.5259369,14545442625,6.741369783,2365.3125, Pulses
Alluvial Soil,922.8845707,17101917245,7.171663952,2365.3125, Grapes
Alluvial Soil,917.6900134,17121006928,7.169354024,2365.3125, Grapes
Alluvial Soil,796.2907401,17117264700,7.063809431,2365.3125, Grapes
Alluvial Soil,653.5161167,14473032385,6.742216516,2365.3125, Pulses
Alluvial Soil,925.9835921,17072735313,7.170734307,2365.3125, Grapes
Alluvial Soil,795.8090335,17057942655,7.061404257,2365.3125, Grapes
Alluvial Soil,926.6239721,17080464885,7.172664338,2365.3125, Grapes
Alluvial Soil,762.5932341,16983994496,7.119824711,2365.3125, Grapes
Alluvial Soil,790.6086111,17010285535,7.057362276,2365.3125, Grapes
Alluvial Soil,799.7628238,17055933080,7.062395611,2365.3125, Grapes
Alluvial Soil,791.0211562,17131903140,7.060238624,2365.3125, Grapes
Alluvial Soil,766.1262501,17008147400,7.119124846,2365.3125, Grapes
Alluvial Soil,764.7877547,16998320237,7.122341793,2365.3125, Grapes
Alluvial Soil,764.7669117,16990313806,7.120563336,2365.3125, Grapes
Alluvial Soil,797.65478,16998019329,7.060732287,2365.3125, Grapes
Alluvial Soil,760.3461385,17006727095,7.120336213,2365.3125, Grapes
Alluvial Soil,386.4582957,3920511567,6.946586285,1062.90625, Pulses
Alluvial Soil,265.9126695,19616411431,7.505829738,6451.171875, Pulses
Alluvial Soil,333.254788,3109131471,7.095754323,685.7851563, Pulses
Alluvial Soil,833.3127249,17022925118,7.144737891,2365.3125, Grapes
Alluvial Soil,1022.310969,17079891046,7.201517956,2365.3125, Grapes
Alluvial Soil,867.6291669,16983163380,7.084186615,2365.3125, Grapes
Alluvial Soil,822.6301893,17015246989,7.14148736,2365.3125, Grapes
Alluvial Soil,864.2424451,17005745455,7.082453561,2365.3125, Grapes
Alluvial Soil,827.0576316,16998760115,7.141659572,2365.3125, Grapes
Alluvial Soil,827.2091753,17006077958,7.142823075,2365.3125, Grapes
Alluvial Soil,855.8427693,17021601508,7.078978727,2365.3125, Grapes
Alluvial Soil,828.4273397,17016649225,7.139576265,2365.3125, Grapes
Alluvial Soil,825.5519706,16992400518,7.14089297,2365.3125, Grapes
Alluvial Soil,856.220766,17137825839,7.081214406,2365.3125, Grapes
Alluvial Soil,856.8417743,17019941419,7.079074096,2365.3125, Grapes
Alluvial Soil,866.4295551,17064262795,7.084003498,2365.3125, Grapes
Alluvial Soil,862.546479,17065045880,7.082790382,2365.3125, Grapes
Alluvial Soil,1018.998925,17072557489,7.198866461,2365.3125, Grapes
Alluvial Soil,727.7921168,14484984602,6.779380862,2365.3125, Pulses
Alluvial Soil,861.2363698,17125727326,7.084446862,2365.3125, Grapes
Alluvial Soil,787.0206239,13958908964,6.762290047,2365.3125, Pulses
Alluvial Soil,1011.148382,17120376615,7.19778867,2365.3125, Grapes
Alluvial Soil,1017.303849,17100547650,7.200233843,2365.3125, Grapes
Alluvial Soil,683.1616774,14557416775,6.77804112,2365.3125, Pulses
Alluvial Soil,1017.439259,17114491052,7.198654077,2365.3125, Grapes
Alluvial Soil,1096.469078,10408800112,7.04646807,2365.3125, Grapes
Alluvial Soil,1104.752445,10404670092,7.050418601,2365.3125, Grapes
Alluvial Soil,683.9494822,14608348648,6.792885254,2365.3125, Pulses
Alluvial Soil,1111.887884,10342870522,7.053220329,2365.3125, Grapes
Alluvial Soil,1105.783669,10367932105,7.05134558,2365.3125, Grapes
Alluvial Soil,1136.126375,10304794177,7.061130853,2365.3125, Grapes
Alluvial Soil,1110.869507,10358517529,7.053260564,2365.3125, Grapes
Alluvial Soil,1115.228017,10342529002,7.053851882,2365.3125, Grapes
Alluvial Soil,1117.592768,10271135342,7.055311261,2365.3125, Grapes
Alluvial Soil,308.4287454,13871481662,6.175900145,2365.3125, Pulses
Alluvial Soil,1123.943181,10269187703,7.057632203,2365.3125, Grapes
Alluvial Soil,1113.505752,10308038205,7.053645347,2365.3125, Grapes
Alluvial Soil,1118.073677,10323459047,7.055657284,2365.3125, Grapes
Alluvial Soil,1121.84555,10248516495,7.056957081,2365.3125, Grapes
Alluvial Soil,299.1748799,13872933197,6.16915713,2365.3125, Pulses
Alluvial Soil,330.3755806,13851026179,6.200754756,2365.3125, Pulses
Alluvial Soil,339.3787111,13824466653,6.212616003,2365.3125, Pulses
Alluvial Soil,352.4928503,13827099839,6.22330133,2365.3125, Pulses
Alluvial Soil,333.8681382,13836059052,6.206344121,2365.3125, Pulses
Alluvial Soil,323.1979715,13833849548,6.194788841,2365.3125, Pulses
Alluvial Soil,350.8079433,13812990610,6.224141694,2365.3125, Pulses
Alluvial Soil,396.7977132,13793945704,6.266558155,2365.3125, Pulses
Alluvial Soil,413.1318129,13800884314,6.276437744,2365.3125, Pulses
Alluvial Soil,758.3777429,14296941185,6.740276858,2365.3125, Grapes
Alluvial Soil,762.3082734,14284965385,6.731551611,2365.3125, Grapes
Alluvial Soil,367.2575801,13791262656,6.236647187,2365.3125, Pulses
Alluvial Soil,408.0690048,13786240370,6.27375786,2365.3125, Pulses
Alluvial Soil,744.5275462,14435959723,6.769151748,2365.3125, Grapes
Alluvial Soil,404.307996,13782879933,6.265760436,2365.3125, Pulses
Alluvial Soil,766.2340179,14281584426,6.73297345,2365.3125, Grapes
Alluvial Soil,427.4096696,13782380024,6.287280667,2365.3125, Pulses
Alluvial Soil,768.2644038,14267900812,6.733202305,2365.3125, Grapes
Alluvial Soil,420.8100249,13791412452,6.279257454,2365.3125, Pulses
Alluvial Soil,443.9465279,13780743793,6.295744416,2365.3125, Pulses
Alluvial Soil,435.06308,13785545612,6.286207233,2365.3125, Pulses
Alluvial Soil,441.0424119,13761661327,6.282666726,2365.3125, Pulses
Alluvial Soil,683.4774855,14687398963,6.815701018,2365.3125, Grapes
Alluvial Soil,730.2480323,14289397562,6.714624155,2365.3125, Grapes
Alluvial Soil,687.5662238,14665822545,6.812201032,2365.3125, Grapes
Alluvial Soil,779.8949254,13948197946,6.759323636,2365.3125, Grapes
Alluvial Soil,770.4842541,14292710832,6.735268472,2365.3125, Grapes
Alluvial Soil,764.7658226,14295209530,6.737771252,2365.3125, Grapes
Alluvial Soil,764.7020105,13947342084,6.752297265,2365.3125, Grapes
Alluvial Soil,753.8371692,13954157305,6.745599916,2365.3125, Grapes
Alluvial Soil,761.9027894,13958127631,6.75194641,2365.3125, Grapes
Alluvial Soil,711.762912,13946202067,6.729102396,2365.3125, Grapes
Alluvial Soil,680.9182383,13957301440,6.721116008,2365.3125, Grapes
Alluvial Soil,683.8529731,14647403921,6.805483224,2365.3125, Grapes
Alluvial Soil,743.7607472,14522300568,6.798692937,2365.3125, Grapes
Alluvial Soil,670.5672549,14648154787,6.795622412,2365.3125, Grapes
Alluvial Soil,687.2022448,14656301370,6.804384965,2365.3125, Grapes
Alluvial Soil,761.2695005,14285319377,6.745622409,2365.3125, Grapes
Alluvial Soil,745.2366173,14300040696,6.723903618,2365.3125, Grapes
Alluvial Soil,762.3719215,14295741666,6.733408184,2365.3125, Grapes
Alluvial Soil,760.7482571,14270858297,6.729548359,2365.3125, Grapes
Alluvial Soil,755.4618599,14293047776,6.727656603,2365.3125, Grapes
Alluvial Soil,748.4569209,14306966891,6.731471583,2365.3125, Grapes
Alluvial Soil,204.3049942,1100166133,4.163690408,2070.25, Pulses
Alluvial Soil,111.0364968,578715030.8,2.507562533,2070.25, Pulses
Alluvial Soil,111.6590083,578573721,2.500200014,2070.25, Pulses
Alluvial Soil,204.2794113,1099991419,4.160615509,2070.25, Pulses
Alluvial Soil,111.9453522,578325305.8,2.500555691,2070.25, Pulses
Alluvial Soil,112.2720753,578464499.5,2.509962394,2070.25, Pulses
Alluvial Soil,203.5441113,1100375647,4.15976377,2070.25, Pulses
Alluvial Soil,221.4434323,1725101680,3.701034318,2070.25, Pulses
Alluvial Soil,114.0236475,907157487.3,2.205634303,2070.25, Pulses
Alluvial Soil,113.9883269,907750011.3,2.202707774,2070.25, Pulses
Alluvial Soil,221.4868807,1725372872,3.698423086,2070.25, Pulses
Alluvial Soil,113.9815123,906826406.3,2.206851992,2070.25, Pulses
Alluvial Soil,114.1473387,907686131,2.204255695,2070.25, Pulses
Alluvial Soil,221.0899362,1725285161,3.6921407,2070.25, Pulses
Alluvial Soil,246.3247824,1575339133,3.006242747,2070.25, Pulses
Alluvial Soil,96.39581781,811285733.8,1.718027778,2070.25, Pulses
Alluvial Soil,95.3904949,811129992,1.723671781,2070.25, Pulses
Alluvial Soil,246.3415286,1575264663,3.011792895,2070.25, Pulses
Alluvial Soil,95.22289834,811529773.3,1.725204005,2070.25, Pulses
Alluvial Soil,95.04266331,810916618.5,1.722002167,2070.25, Pulses
Alluvial Soil,247.7756001,1575488965,3.006750049,2070.25, Pulses
Alluvial Soil,201.2558391,2149786557,4.259105529,2070.25, Pulses
Alluvial Soil,108.5190134,1128758938,2.549098275,2070.25, Pulses
Alluvial Soil,109.4650203,1129409598,2.543868651,2070.25,Rice
Alluvial Soil,201.24375,2149670911,4.271576105,2070.25,Pulses
Alluvial Soil,109.4863949,1128693244,2.553666993,2070.25,Grapes
Alluvial Soil,108.9335369,1128825296,2.55087175,2070.25,Rice
Alluvial Soil,198.5501407,2149924198,4.272969979,2070.25,Pulses
Alluvial Soil,2147.545382,6407963399,7.295731834,1530.765625,Grapes
Alluvial Soil,430.2269308,4943087666,7.259554095,1062.5,Rice
Alluvial Soil,1009.851631,1331899554,7.558275003,474,Pulses
Alluvial Soil,693.3286185,2166466231,7.491285629,551.640625,Grapes
Black Soil,664.5692236,149911138,6.54580442,196.2734375,Cotton
Black Soil,1614.175719,242781875.8,7.071854526,196.5,Sugarcane
Black Soil,482.9370705,277891656.3,6.110965793,196.6796875,Carrot
Black Soil,578.8652688,75502316.25,6.167255099,196.5,Cotton
Black Soil,879.22594,169406876.8,6.76552304,197.109375,Sugarcane
Black Soil,1749.307816,165669074.3,7.003233106,196.5820313,Carrot
Black Soil,1252.809458,187289550.5,6.735650409,197.5234375,Cotton
Black Soil,292.6009309,49829820.75,5.790414779,149.375,Sugarcane
Black Soil,1828.586895,235517568.5,7.185827982,196.5820313,Carrot
Black Soil,431.9185489,169220007,6.249286635,196.5820313,Cotton
Black Soil,552.1480174,60998889.75,6.24812689,196.5820313,Sugarcane
Black Soil,1931.480062,493992316,7.283858325,196.53125,Carrot
Black Soil,945.4578898,679098249.8,7.466095164,196.21875,Cotton
Black Soil,2098.142756,318294788.8,7.057962572,196.65625,Sugarcane
Black Soil,1685.74367,280112513,7.085268615,197.296875,Carrot
Black Soil,960.9921422,109439673.8,6.622739086,196.5820313,Cotton
Black Soil,933.7750666,1144172252,6.158049698,196.5546875,Sugarcane
Black Soil,472.1007322,186023835,6.386969685,196.5,Carrot
Black Soil,564.1513248,391291473.8,6.914880183,197.296875,Cotton
Black Soil,847.5382358,226363513.5,6.893041818,196.5,Sugarcane
Black Soil,991.2727479,210326792.5,6.566362162,197.0742188,Carrot
Black Soil,377.6312258,890057042,5.306860304,197.296875,Cotton
Black Soil,518.0123647,468936376,6.421157321,196.6796875,Sugarcane
Black Soil,811.4025336,314096443.3,6.558416418,196.6796875,Carrot
Black Soil,810.6861904,296578335.3,7.031396726,196.5820313,Cotton
Black Soil,1468.294869,593254039.3,7.123987794,196.6796875,Sugarcane
Black Soil,844.2106791,119254771.3,6.435917077,197.0742188,Carrot
Black Soil,675.4255484,1528835227,5.621777617,197.7539063,Cotton
Black Soil,1191.88032,326964264.3,7.026834567,196.453125,Sugarcane
Black Soil,450.9274519,104203658,6.520493599,196.5820313,Carrot
Black Soil,458.3942071,125878957,6.462136394,196.5820313,Cotton
Black Soil,688.8821469,288005782.5,6.582373335,196.4960938,Sugarcane
Black Soil,671.2839654,1161718043,6.593767008,196.5625,Carrot
Black Soil,543.0528998,199963420,6.7306363,196.5820313,Cotton
Black Soil,327.1340699,179469946.8,5.978836549,196.5,Sugarcane
Black Soil,2509.558158,684703717,7.603788579,196.6796875,Carrot
Black Soil,976.916639,457058420.5,6.889528422,196.6796875,Cotton
Black Soil,578.7806527,253624849.3,6.236240871,196.5,Sugarcane
Black Soil,964.5840847,1531052322,5.623886591,197.7539063,Carrot
Black Soil,727.4980442,153315631.5,6.649882196,196.5820313,Cotton
Black Soil,389.6235799,145607343.3,5.74083659,196.5,Sugarcane
Black Soil,98.19317232,70230497.5,5.667153136,197.3359375,Carrot
Black Soil,281.57136,64501887.25,5.948387702,196.21875,Cotton
Black Soil,931.7604392,86787810.75,6.483040635,197.7539063,Sugarcane
Black Soil,1834.226452,283657317.8,7.098702233,196.875,Carrot
Black Soil,403.8904021,168829296.5,6.231933133,196.2734375,Cotton
Black Soil,963.7038829,186666628,6.934260447,196.5820313,Sugarcane
Black Soil,1531.895622,193500952.5,6.990402042,197.7539063,Carrot
Black Soil,960.9921422,109439673.8,6.622739086,196.5820313,Cotton
Black Soil,488.2756263,186670960,6.869038098,197.7539063,Sugarcane
Black Soil,754.802835,99324453.25,6.536242361,197.7539063,Carrot
Black Soil,992.3802357,676313318.5,6.941671733,197.7539063,Cotton
Black Soil,858.2491961,485744039.3,6.838268017,197.3828125,Sugarcane
Black Soil,552.1480174,60998889.75,6.24812689,196.5820313,Carrot
Black Soil,945.4578898,679098249.8,7.466095164,196.21875,Cotton
Black Soil,2098.142756,318294788.8,7.057962572,196.65625,Sugarcane
Black Soil,1685.74367,280112513,7.085268615,197.296875,Carrot
Black Soil,1651.630171,155400018.5,6.894231897,196.5820313,Cotton
Black Soil,260.4731002,49457677.25,5.809432112,196.765625,Sugarcane
Black Soil,260.4731002,49457677.25,5.809432112,196.765625,Carrot
Black Soil,932.8926756,86013255.25,6.471963908,196.5820313,Cotton
Black Soil,932.8926756,86013255.25,6.471963908,196.5820313,Cotton
Black Soil,269.8370133,71326936,6.002386783,196.453125,Cotton
Black Soil,269.8370133,71326936,6.002386783,196.453125,Cotton
Black Soil,437.1452162,313226317.8,6.466020677,718.125,Sugarcane
Black Soil,104.4983215,30758661935,5.06533695,3303.710938,Sugarcane
Black Soil,681.1180619,605263282.3,6.949549179,234.375,Carrot
Black Soil,63.09198487,1002624239,4.122230476,2070.25,Carrot
Black Soil,38.97487454,529091321.3,2.501886135,2070.25,Carrot
Black Soil,1220.434876,908419355.5,7.856864934,196.2734375,Cotton
Black Soil,1220.434876,908419355.5,7.856864934,196.2734375,Cotton
Black Soil,224.5173332,73702969,5.831477412,197.7539063,Sugarcane
Black Soil,224.5173332,73702969,5.831477412,197.7539063,Sugarcane
Black Soil,1012.431259,200502065.8,6.648539577,196.5820313,Cotton
Black Soil,1012.431259,200502065.8,6.648539577,196.5820313,Cotton
Black Soil,1475.608969,150292161.8,6.831571056,196.5820313,Cotton
Black Soil,1475.608969,150292161.8,6.831571056,196.5820313,Cotton
Black Soil,967.9195476,185420779,6.753894813,196.5820313,Cotton
Black Soil,967.9195476,185420779,6.753894813,196.5820313,Cotton
Black Soil,857.3521922,116914697.5,6.414143758,196.359375,Carrot
Black Soil,857.3521922,116914697.5,6.414143758,196.359375,Carrot
Black Soil,563.4316203,88474409.5,6.485164485,196.5820313,Sugarcane
Black Soil,563.4316203,88474409.5,6.485164485,196.5820313,Sugarcane
Black Soil,1309.851303,1003992996,7.192586833,196.5820313,Cotton
Black Soil,1309.851303,1003992996,7.192586833,196.5820313,Cotton
Black Soil,519.6236562,97549561.25,6.372833439,196.5820313,Sugarcane
Black Soil,519.6236562,97549561.25,6.372833439,196.5820313,Sugarcane
Black Soil,2025.210916,94667127.5,7.161369998,39.0625,Carrot
Black Soil,2025.210916,94667127.5,7.161369998,39.0625,Carrot
Black Soil,1221.186622,136467536.3,6.710038867,197.7539063,Cotton
Black Soil,1221.186622,136467536.3,6.710038867,197.7539063,Cotton
Black Soil,56.64997444,54246737.25,4.761729785,196.5820313,Cotton
Black Soil,56.64997444,54246737.25,4.761729785,196.5820313,Cotton
Black Soil,430.7435397,22988333.5,6.135124381,39.0625,Sugarcane
Black Soil,430.7435397,22988333.5,6.135124381,39.0625,Sugarcane
Black Soil,1067.518489,114738751,6.707081419,197.2265625,Cotton
Black Soil,1067.518489,114738751,6.707081419,197.2265625,Cotton
Black Soil,1235.925692,472583734.8,7.191710965,197.7539063,Sugarcane
Black Soil,1235.925692,472583734.8,7.191710965,197.7539063,Sugarcane
Black Soil,1091.337463,187539382.5,6.935184389,197.7539063,Carrot
Black Soil,1091.337463,187539382.5,6.935184389,197.7539063,Carrot
Black Soil,410.9796073,84454512.75,6.312552474,197.7539063,Carrot
Black Soil,410.9796073,84454512.75,6.312552474,197.7539063,Carrot
Black Soil,729.3605745,337986756.5,6.791380448,196.59375,Cotton
Black Soil,729.3605745,337986756.5,6.791380448,196.59375,Cotton
Black Soil,53.98317102,32018124,5.138876097,196.5820313,Sugarcane
Black Soil,53.98317102,32018124,5.138876097,196.5820313,Sugarcane
Black Soil,482.5536347,53076404.5,6.105411126,196.875,Cotton
Black Soil,482.5536347,53076404.5,6.105411126,196.875,Cotton
Black Soil,698.4685541,115922153.5,6.456445207,197.7539063,Carrot
Black Soil,541.5787191,118319572,6.400401659,196.2734375,Cotton
Black Soil,541.5787191,118319572,6.400401659,196.2734375,Cotton
Black Soil,739.7343563,97978234.25,6.504588215,197.7539063,Carrot
Black Soil,739.7343563,97978234.25,6.504588215,197.7539063,Carrot
Black Soil,555.891142,79320383.75,6.343153513,196.5820313,Sugarcane
Black Soil,555.891142,79320383.75,6.343153513,196.5820313,Sugarcane
Black Soil,1450.684558,142122333.8,6.865101222,196.5820313,Cotton
Black Soil,1450.684558,142122333.8,6.865101222,196.5820313,Cotton
Black Soil,313.4498792,83946979.75,5.917849055,197.7539063,Carrot
Black Soil,313.4498792,83946979.75,5.917849055,197.7539063,Carrot
Black Soil,1188.279666,147129942.3,6.851946549,196.5820313,Cotton
Black Soil,1188.279666,147129942.3,6.851946549,196.5820313,Cotton
Black Soil,1453.629405,199829684,7.002277451,196.5820313,Sugarcane
Black Soil,1453.629405,199829684,7.002277451,196.5820313,Sugarcane
Black Soil,614.672816,65857232.5,6.253640299,197.265625,Carrot
Black Soil,614.672816,65857232.5,6.253640299,197.265625,Carrot
Black Soil,1531.895622,193500952.5,6.990402042,197.7539063,Cotton
Black Soil,1531.895622,193500952.5,6.990402042,197.7539063,Cotton
Black Soil,488.2756263,186670960,6.869038098,197.7539063,Carrot
Black Soil,220.8922075,68252135,6.182376237,196.2734375,Sugarcane
Black Soil,1394.22023,170023295.8,6.948025826,196.5820313,Cotton
Black Soil,2851.854539,288297231.5,7.28672327,196.5820313,Cotton
Black Soil,968.9365284,149339319,6.816397104,197.0742188,Cotton
Black Soil,1221.523542,410198731.8,7.059362772,196.6796875,Cotton
Black Soil,1221.523542,410198731.8,7.059362772,196.6796875,Cotton
Black Soil,1520.212128,204071268.5,7.019636945,196.5820313,Cotton
Black Soil,1520.212128,204071268.5,7.019636945,196.5820313,Cotton
Black Soil,276.8914927,51497708.75,5.833506845,196.765625,Carrot
Black Soil,276.8914927,51497708.75,5.833506845,196.765625,Carrot
Black Soil,1833.252108,194406862,7.042882724,197.7539063,Cotton
Black Soil,1833.252108,194406862,7.042882724,197.7539063,Cotton
Black Soil,754.802835,99324453.25,6.536242361,197.7539063,Sugarcane
Black Soil,754.802835,99324453.25,6.536242361,197.7539063,Sugarcane
Black Soil,992.3802357,676313318.5,6.941671733,197.7539063,Sugarcane
Black Soil,992.3802357,676313318.5,6.941671733,197.7539063,Sugarcane
Black Soil,858.2491961,485744039.3,6.838268017,197.3828125,Sugarcane
Black Soil,858.2491961,485744039.3,6.838268017,197.3828125,Sugarcane
Black Soil,1486.34699,242852385.8,7.125988138,196.5820313,Cotton
Black Soil,1486.34699,242852385.8,7.125988138,196.5820313,Cotton
Black Soil,1772.304094,251363536.3,7.127590206,196.5820313,Cotton
Black Soil,1772.304094,251363536.3,7.127590206,196.5820313,Cotton
Black Soil,1666.598487,159899835.5,6.872681489,197.7539063,Sugarcane
Black Soil,1666.598487,159899835.5,6.872681489,197.7539063,Sugarcane
Black Soil,1522.36055,168804226,6.932158614,196.5820313,Cotton
Black Soil,1522.36055,168804226,6.932158614,196.5820313,Cotton
Black Soil,476.850117,56722380.75,6.142226185,196.875,Carrot
Black Soil,476.850117,56722380.75,6.142226185,196.875,Carrot
Black Soil,726.4432611,81544460.5,6.435669194,197.296875,Sugarcane
Black Soil,726.4432611,81544460.5,6.435669194,197.296875,Sugarcane
Black Soil,424.596998,61119957.25,6.186569402,196.21875,Carrot
Black Soil,424.596998,61119957.25,6.186569402,196.21875,Carrot
Black Soil,840.12124,81740974.5,6.457098147,197.7539063,Sugarcane
Black Soil,840.12124,81740974.5,6.457098147,197.7539063,Sugarcane
Black Soil,910.0553674,92404500.5,6.530070295,197.0507813,Sugarcane
Black Soil,910.0553674,92404500.5,6.530070295,197.0507813,Sugarcane
Black Soil,990.7900603,324785137.3,6.754686161,196.6796875,Sugarcane
Black Soil,990.7900603,324785137.3,6.754686161,196.6796875,Sugarcane
Black Soil,1150.768315,124108783,6.716092106,196.5820313,Sugarcane
Black Soil,1150.768315,124108783,6.716092106,196.5820313,Sugarcane
Black Soil,466.8745522,149475111,6.487115377,196.5820313,Carrot
Black Soil,466.8745522,149475111,6.487115377,196.5820313,Carrot
Black Soil,584.6063187,127638842.5,6.479104137,196.2734375,Carrot
Black Soil,584.6063187,127638842.5,6.479104137,196.2734375,Carrot
Black Soil,661.8020263,69658449.25,6.21102138,197.2265625,Carrot
Black Soil,661.8020263,69658449.25,6.21102138,197.2265625,Carrot
Black Soil,1790.028422,232815970.8,7.181021656,196.2734375,Cotton
Black Soil,885.7510222,84882977.25,6.460691856,197.7539063,Sugarcane
Black Soil,885.7510222,84882977.25,6.460691856,197.7539063,Sugarcane
Black Soil,573.9458291,74795868,6.263561712,196.875,Carrot
Black Soil,573.9458291,74795868,6.263561712,196.875,Carrot
Black Soil,1953.817279,227755339.8,7.116686665,196.8046875,Cotton
Black Soil,1651.630171,155400018.5,6.894231897,196.5820313,Cotton
Black Soil,260.4731002,49457677.25,5.809432112,196.765625,Carrot
Black Soil,260.4731002,49457677.25,5.809432112,196.765625,Carrot
Black Soil,932.8926756,86013255.25,6.471963908,196.5820313,Cotton
Black Soil,932.8926756,86013255.25,6.471963908,196.5820313,Cotton
Black Soil,269.8370133,71326936,6.002386783,196.453125,Carrot
Black Soil,269.8370133,71326936,6.002386783,196.453125,Carrot
Black Soil,437.1452162,313226317.8,6.466020677,718.125,Sugarcane
Black Soil,104.4983215,30758661935,5.06533695,3303.710938,Carrot
Black Soil,681.1180619,605263282.3,6.949549179,234.375,Carrot
Black Soil,78.32617713,929965372.8,2.005264812,2070.25,Cotton
Black Soil,63.09198487,1002624239,4.122230476,2070.25,Cotton
Black Soil,38.97487454,529091321.3,2.501886135,2070.25,Cotton
Black Soil,1220.434876,908419355.5,7.856864934,196.2734375,Sugarcane
Black Soil,224.5173332,73702969,5.831477412,197.7539063,Sugarcane
Black Soil,1012.431259,200502065.8,6.648539577,196.5820313,Sugarcane
Black Soil,1475.608969,150292161.8,6.831571056,196.5820313,Carrot
Black Soil,967.9195476,185420779,6.753894813,196.5820313,Carrot
Black Soil,857.3521922,116914697.5,6.414143758,196.359375,Carrot
Black Soil,563.4316203,88474409.5,6.485164485,196.5820313,Carrot
Black Soil,1309.851303,1003992996,7.192586833,196.5820313,Sugarcane
Black Soil,519.6236562,97549561.25,6.372833439,196.5820313,Sugarcane
Black Soil,2025.210916,94667127.5,7.161369998,39.0625,Carrot
Black Soil,1221.186622,136467536.3,6.710038867,197.7539063,Carrot
Black Soil,56.64997444,54246737.25,4.761729785,196.5820313,Cotton
Black Soil,430.7435397,22988333.5,6.135124381,39.0625,Carrot
Black Soil,1067.518489,114738751,6.707081419,197.2265625,Sugarcane
Black Soil,1235.925692,472583734.8,7.191710965,197.7539063,Sugarcane
Black Soil,1091.337463,187539382.5,6.935184389,197.7539063,Sugarcane
Black Soil,410.9796073,84454512.75,6.312552474,197.7539063,Carrot
Black Soil,729.3605745,337986756.5,6.791380448,196.59375,Sugarcane
Black Soil,53.98317102,32018124,5.138876097,196.5820313,Cotton
Black Soil,482.5536347,53076404.5,6.105411126,196.875,Sugarcane
Black Soil,698.4685541,115922153.5,6.456445207,197.7539063,Carrot
Black Soil,739.7343563,97978234.25,6.504588215,197.7539063,Carrot
Black Soil,555.891142,79320383.75,6.343153513,196.5820313,Carrot
Black Soil,1450.684558,142122333.8,6.865101222,196.5820313,Sugarcane
Black Soil,1188.279666,147129942.3,6.851946549,196.5820313,Carrot
Black Soil,1453.629405,199829684,7.002277451,196.5820313,Sugarcane
Black Soil,1531.895622,193500952.5,6.990402042,197.7539063,Sugarcane
Black Soil,488.2756263,186670960,6.869038098,197.7539063,Sugarcane
Black Soil,220.8922075,68252135,6.182376237,196.2734375,Carrot
Black Soil,1394.22023,170023295.8,6.948025826,196.5820313,Sugarcane
Black Soil,2851.854539,288297231.5,7.28672327,196.5820313,Carrot
Black Soil,968.9365284,149339319,6.816397104,197.0742188,Sugarcane
Black Soil,1790.028422,232815970.8,7.181021656,196.2734375,Sugarcane
Black Soil,1953.817279,227755339.8,7.116686665,196.8046875,Sugarcane
Black Soil,1651.630171,155400018.5,6.894231897,196.5820313,Carrot
Black Soil,437.1452162,313226317.8,6.466020677,718.125,Carrot
Black Soil,104.4983215,30758661935,5.06533695,3303.710938,Cotton
Black Soil,681.1180619,605263282.3,6.949549179,234.375,Sugarcane
Black Soil,1056.189067,1561364280,7.004316032,1350,Carrot
Black Soil,78.32617713,929965372.8,2.005264812,2070.25,Cotton
Black Soil,63.09198487,1002624239,4.122230476,2070.25,Cotton
Black Soil,38.80221234,529173495,2.501059788,2070.25,Cotton
Black Soil,39.11794581,528976539.8,2.499044864,2070.25,Cotton
Black Soil,63.16931308,1002813487,4.126967167,2070.25,Cotton
Black Soil,38.97487454,529091321.3,2.501886135,2070.25,Cotton
Black Soil,39.04085329,528946044.3,2.493117261,2070.25,Cotton
Black Soil,63.04665902,1002839162,4.128129204,2070.25,Cotton
Clay Soil,248.5007588,14517440459,7.553755805,4800,Cabbage
Clay Soil,960.9309774,1327613342,6.881830444,518.5546875,Tomatoes
Clay Soil,1039.665991,19587390405,7.438247692,4397.65625,Asparagus
Clay Soil,1319.76569,5600579950,7.67068338,1665.625,Asparagus
Clay Soil,255.9892878,6615466251,6.721432267,3750,Cabbage
Clay Soil,704.4577854,10645336548,7.501464557,2000,Asparagus
Clay Soil,2273.914315,1346284180,7.403573199,428.75,Tomatoes
Clay Soil,1974.546432,2132910092,7.627275499,686,Tomatoes
Clay Soil,866.2135467,35082090257,7.385402461,7731.25,Cabbage
Clay Soil,1143.625555,2541358811,7.350910435,351.5625,Tomatoes
Clay Soil,648.1172458,5556891904,7.029671416,1665.625,Asparagus
Clay Soil,187.469491,11128023290,7.065085046,2526.5625,Cabbage
Clay Soil,770.4290345,39338629842,7.522145563,9630,Asparagus
Clay Soil,1714.677172,4673718550,7.346832488,1953.125,Tomatoes
Clay Soil,2533.909744,4376326948,7.436807378,684.5117188,Tomatoes
Clay Soil,1248.978781,802600474.8,7.483662571,289.453125,Tomatoes
Clay Soil,515.8111382,2040589341,7.270840055,478.515625,Asparagus
Clay Soil,3464.407312,788949406.5,7.381871054,196.5820313,Cabbage
Clay Soil,1785.046789,1259643399,7.670923983,196.5820313,Asparagus
Clay Soil,2377.640693,1407208391,7.572351044,196.96875,Tomatoes
Clay Soil,1814.219771,515929695.3,7.288058589,197.25,Cabbage
Clay Soil,2062.005286,1380689610,7.421336491,196.2226563,Tomatoes
Clay Soil,2110.438439,1887590379,6.977431173,197.296875,Tomatoes
Clay Soil,1060.804379,487578909.3,7.237223495,196.5,Cabbage
Clay Soil,1795.746935,1536545460,7.323012356,196.3828125,Asparagus
Clay Soil,707.0965818,953040039.8,6.969873821,197.25,Cabbage
Clay Soil,2075.950805,1110352824,7.89227173,196.59375,Tomatoes
Clay Soil,696.8905063,433698074.5,6.69939857,196.9375,Cabbage
Clay Soil,2429.840607,1114431326,7.410059115,196.875,Asparagus
Clay Soil,1476.499751,683621899.5,7.471330473,197.1210938,Tomatoes
Clay Soil,934.8257162,1198229557,6.542887591,197.5078125,Cabbage
Clay Soil,1651.803871,1440818859,7.615184215,197.5234375,Tomatoes
Clay Soil,2061.157315,1419275295,7.28529924,196.5,Cabbage
Clay Soil,1234.924591,789009470.5,7.386493138,197.65625,Asparagus
Clay Soil,3100.807958,790926238.8,7.63297452,101.5625,Cabbage
Clay Soil,808.1632144,1441378296,7.296246141,197.03125,Asparagus
Clay Soil,1211.156516,849839437.5,7.378000876,196.7734375,Tomatoes
Clay Soil,911.4763749,902257840.3,7.079023514,197.25,Cabbage
Clay Soil,623.1286884,3873015403,7.730914031,677.34375,Cabbage
Clay Soil,1855.782325,598002596.8,7.398606472,197.25,Asparagus
Clay Soil,4402.782243,2982217401,7.782828864,676.015625,Tomatoes
Clay Soil,1643.551378,1689679736,7.108796583,196.5,Cabbage
Clay Soil,1421.622682,1780756166,7.425005964,676.015625,Tomatoes
Clay Soil,1109.064969,2702668067,7.435391941,674.6875,Asparagus
Clay Soil,1863.056522,1449980001,7.226302795,196.7695313,Tomatoes
Clay Soil,2134.345203,1177085256,7.760933032,253.671875,Tomatoes
Clay Soil,1028.309705,4206240171,7.635800701,601.640625,Cabbage
Clay Soil,1210.251322,4770343860,7.171570357,601.640625,Tomatoes
Clay Soil,3141.08884,4547163372,7.567849257,677.34375,Asparagus
Clay Soil,1930.004884,1291992587,7.417426385,196.5,Tomatoes
Clay Soil,1424.755655,1261544930,7.400561711,197.1210938,Asparagus
Clay Soil,643.1643334,1002149286,7.292077146,197.7539063,Cabbage
Clay Soil,670.5822835,876795157.3,7.014645288,197.2851563,Asparagus
Clay Soil,3662.529672,1042014318,7.735606195,196.5,Tomatoes
Clay Soil,1486.718046,1244100204,7.086191786,197.296875,Cabbage
Clay Soil,2296.87775,1029873511,7.522446737,197.25,Tomatoes
Clay Soil,4364.519569,1888569468,7.187557223,196.5820313,Asparagus
Clay Soil,2143.062879,1679112780,6.943111388,196.5,Tomatoes
Clay Soil,1913.826245,1168092445,6.99207838,196.5820313,Cabbage
Clay Soil,1363.261957,1583140334,7.235953389,196.5820313,Tomatoes
Clay Soil,1491.150145,750750729,7.59107539,196.96875,Asparagus
Clay Soil,1615.934667,1474394019,7.415050703,197.0507813,Tomatoes
Clay Soil,1272.881229,533869083.5,7.330300734,196.5820313,Asparagus
Clay Soil,232.1046293,724670568.3,6.927470371,196.2734375,Cabbage
Clay Soil,368.3942637,67763363388,7.604337797,14742,Tomatoes
Clay Soil,248.5007588,14517440459,7.553755805,4800,Cabbage
Clay Soil,960.9309774,1327613342,6.881830444,518.5546875,Cabbage
Clay Soil,1039.665991,19587390405,7.438247692,4397.65625,Asparagus
Clay Soil,1319.76569,5600579950,7.67068338,1665.625,Tomatoes
Clay Soil,255.9892878,6615466251,6.721432267,3750,Cabbage
Clay Soil,704.4577854,10645336548,7.501464557,2000,Asparagus
Clay Soil,2273.914315,1346284180,7.403573199,428.75,Tomatoes
Clay Soil,1974.546432,2132910092,7.627275499,686,Asparagus
Clay Soil,866.2135467,35082090257,7.385402461,7731.25,Cabbage
Clay Soil,1143.625555,2541358811,7.350910435,351.5625,Cabbage
Clay Soil,648.1172458,5556891904,7.029671416,1665.625,Asparagus
Clay Soil,187.469491,11128023290,7.065085046,2526.5625,Cabbage
Clay Soil,770.4290345,39338629842,7.522145563,9630,Tomatoes
Clay Soil,1714.677172,4673718550,7.346832488,1953.125,Asparagus
Clay Soil,2533.909744,4376326948,7.436807378,684.5117188,Tomatoes
Clay Soil,1248.978781,802600474.8,7.483662571,289.453125,Asparagus
Clay Soil,515.8111382,2040589341,7.270840055,478.515625,Cabbage
Clay Soil,368.3942637,67763363388,7.604337797,14742,Tomatoes
Clay Soil,480.7660297,4655641412,7.617917187,958.59375,Cabbage
Clay Soil,1217.326588,10649067060,7.760546274,1665.625,Tomatoes
Clay Soil,1217.326588,10649067060,7.760546274,1665.625,Tomatoes
Clay Soil,347.2640513,7263648480,7.322779623,2725.335938,Asparagus
Clay Soil,347.2640513,7263648480,7.322779623,2725.335938,Asparagus
Clay Soil,1115.5171,24631655833,7.537943371,4218.75,Tomatoes
Clay Soil,1115.5171,24631655833,7.537943371,4218.75,Tomatoes
Clay Soil,875.6632028,27830978009,7.258595136,4854.6875,Cabbage
Clay Soil,875.6632028,27830978009,7.258595136,4854.6875,Cabbage
Clay Soil,804.9947642,29917588338,6.842134211,4309.375,Cabbage
Clay Soil,804.9947642,29917588338,6.842134211,4309.375,Cabbage
Clay Soil,313.5259376,9143299518,7.063233536,1306.25,Asparagus
Clay Soil,313.5259376,9143299518,7.063233536,1306.25,Asparagus
Clay Soil,1419.909065,1415316267,7.336928596,196.875,Tomatoes
Clay Soil,1419.909065,1415316267,7.336928596,196.875,Tomatoes
Clay Soil,1376.604461,1050269829,7.599370014,196.4804688,Tomatoes
Clay Soil,1376.604461,1050269829,7.599370014,196.4804688,Tomatoes
Clay Soil,1231.916282,313317104,7.266529896,39.0625,Tomatoes
Clay Soil,1231.916282,313317104,7.266529896,39.0625,Tomatoes
Clay Soil,967.6796642,519969098.3,7.271753716,196.5820313,Cabbage
Clay Soil,967.6796642,519969098.3,7.271753716,196.5820313,Cabbage
Clay Soil,1681.157343,1338252540,6.790578959,196.21875,Cabbage
Clay Soil,1681.157343,1338252540,6.790578959,196.21875,Cabbage
Clay Soil,550.448779,1376239121,6.979819572,196.8046875,Asparagus
Clay Soil,550.448779,1376239121,6.979819572,196.8046875,Asparagus
Clay Soil,909.3194516,1096721883,7.62080539,196.2734375,Tomatoes
Clay Soil,909.3194516,1096721883,7.62080539,196.2734375,Tomatoes
Clay Soil,3271.943782,1240029119,7.63117576,196.8984375,Tomatoes
Clay Soil,3271.943782,1240029119,7.63117576,196.8984375,Tomatoes
Clay Soil,816.6976711,845513725.3,7.270811344,197.7539063,Cabbage
Clay Soil,816.6976711,845513725.3,7.270811344,197.7539063,Cabbage
Clay Soil,1114.868799,182301210.5,7.443033928,39.0625,Tomatoes
Clay Soil,1114.868799,182301210.5,7.443033928,39.0625,Tomatoes
Clay Soil,853.1919856,2006046888,7.48771896,444.0625,Asparagus
Clay Soil,853.1919856,2006046888,7.48771896,444.0625,Asparagus
Clay Soil,961.6218469,4143805105,7.494007541,976.5625,Tomatoes
Clay Soil,2028.24248,5952306457,7.518035887,1659.375,Tomatoes
Clay Soil,1848.88969,23431841139,7.479946326,4844.53125,Tomatoes
Clay Soil,72.06520582,2458885730,3.468100819,2070.25,Asparagus
Clay Soil,51.35997679,1288485733,2.130226358,2070.25,Asparagus
Clay Soil,51.07623985,1289188383,2.129085828,2070.25,Asparagus
Clay Soil,72.03371395,2459430767,3.481334559,2070.25,Asparagus
Clay Soil,51.54775223,1288418080,2.134739271,2070.25,Asparagus
Clay Soil,50.92909755,1288447834,2.131000966,2070.25,Asparagus
Clay Soil,71.77886638,2458953627,3.476614543,2070.25,Asparagus
Clay Soil,46.82090645,1309613248,4.219382788,2070.25,Asparagus
Clay Soil,21.82846296,679157658.3,2.569721358,2070.25,Asparagus
Clay Soil,21.92861431,679371393,2.573623785,2070.25,Asparagus
Clay Soil,46.81385176,1309684711,4.205746618,2070.25,Asparagus
Clay Soil,21.73885669,679040296,2.570417443,2070.25,Asparagus
Clay Soil,21.76989868,678925902.3,2.559371374,2070.25,Asparagus
Clay Soil,46.09740155,1309631153,4.208657888,2070.25,Asparagus
Clay Soil,34.71759946,896958031.5,2.541060916,2070.25,Asparagus
Clay Soil,22.11262743,468880863.3,1.493721943,2070.25,Asparagus
Clay Soil,22.23787123,468627920.3,1.485280689,2070.25,Asparagus
Clay Soil,34.74199239,897458571.3,2.527587824,2070.25,Asparagus
Clay Soil,22.08105912,469084338.3,1.490626281,2070.25,Asparagus
Clay Soil,22.01167453,468717603,1.486042352,2070.25,Asparagus
Clay Soil,34.78728302,897322313.8,2.534561915,2070.25,Asparagus
Clay Soil,193.0183225,10826175883,7.367350195,2070.25,Tomatoes
Clay Soil,204.4081098,5560385451,4.958998533,2070.25,Asparagus
Clay Soil,206.8027954,5559024572,4.95348073,2070.25,Asparagus
Clay Soil,193.0177633,10826545225,7.367675068,2070.25,Tomatoes
Clay Soil,204.9332666,5560706179,4.953233664,2070.25,Asparagus
Clay Soil,206.9751943,5560033456,4.957897875,2070.25,Asparagus
Clay Soil,192.7227999,10825193426,7.367669224,2070.25,Tomatoes
Clay Soil,480.7660297,4655641412,7.617917187,958.59375,Tomatoes
Clay Soil,1217.326588,10649067060,7.760546274,1665.625,Tomatoes
Clay Soil,187.469491,11128023290,7.065085046,2526.5625,Tomatoes
Clay Soil,909.3194516,1096721883,7.62080539,196.2734375,Tomatoes
Clay Soil,960.9309774,1327613342,6.881830444,518.5546875,Cabbage
Clay Soil,1039.665991,19587390405,7.438247692,4397.65625,Tomatoes
Clay Soil,704.4577854,10645336548,7.501464557,2000,Tomatoes
Clay Soil,1248.978781,802600474.8,7.483662571,289.453125,Tomatoes
Clay Soil,2028.24248,5952306457,7.518035887,1659.375,Tomatoes
Clay Soil,71.77886638,2458953627,3.476614543,2070.25,Asparagus
Clay Soil,816.6976711,845513725.3,7.270811344,197.7539063,Cabbage
Clay Soil,1114.868799,182301210.5,7.443033928,39.0625,Cabbage
Clay Soil,347.2640513,7263648480,7.322779623,2725.335938,Asparagus
Clay Soil,1115.5171,24631655833,7.537943371,4218.75,Tomatoes
Clay Soil,875.6632028,27830978009,7.258595136,4854.6875,Cabbage
Clay Soil,804.9947642,29917588338,6.842134211,4309.375,Cabbage
Clay Soil,313.5259376,9143299518,7.063233536,1306.25,Asparagus
Clay Soil,1419.909065,1415316267,7.336928596,196.875,Tomatoes
Clay Soil,1376.604461,1050269829,7.599370014,196.4804688,Tomatoes
Clay Soil,1231.916282,313317104,7.266529896,39.0625,Cabbage
Clay Soil,967.6796642,519969098.3,7.271753716,196.5820313,Cabbage
Clay Soil,1681.157343,1338252540,6.790578959,196.21875,Tomatoes
Clay Soil,550.448779,1376239121,6.979819572,196.8046875,Asparagus
Clay Soil,909.3194516,1096721883,7.62080539,196.2734375,Tomatoes
Clay Soil,3271.943782,1240029119,7.63117576,196.8984375,Tomatoes
Clay Soil,816.6976711,845513725.3,7.270811344,197.7539063,Cabbage
Clay Soil,1114.868799,182301210.5,7.443033928,39.0625,Cabbage
Clay Soil,853.1919856,2006046888,7.48771896,444.0625,Asparagus
Clay Soil,961.6218469,4143805105,7.494007541,976.5625,Tomatoes
Clay Soil,2028.24248,5952306457,7.518035887,1659.375,Tomatoes
Clay Soil,1848.88969,23431841139,7.479946326,4844.53125,Tomatoes
Clay Soil,72.06520582,2458885730,3.468100819,2070.25,Asparagus
Clay Soil,51.35997679,1288485733,2.130226358,2070.25,Asparagus
Clay Soil,51.07623985,1289188383,2.129085828,2070.25,Asparagus
Clay Soil,72.03371395,2459430767,3.481334559,2070.25,Asparagus
Clay Soil,51.54775223,1288418080,2.134739271,2070.25,Asparagus
Clay Soil,50.92909755,1288447834,2.131000966,2070.25,Asparagus
Clay Soil,71.77886638,2458953627,3.476614543,2070.25,Asparagus
Clay Soil,46.82090645,1309613248,4.219382788,2070.25,Asparagus
Clay Soil,21.82846296,679157658.3,2.569721358,2070.25,Asparagus
Clay Soil,21.92861431,679371393,2.573623785,2070.25,Asparagus
Clay Soil,46.81385176,1309684711,4.205746618,2070.25,Asparagus
Clay Soil,21.73885669,679040296,2.570417443,2070.25,Asparagus
Clay Soil,21.76989868,678925902.3,2.559371374,2070.25,Asparagus
Clay Soil,46.09740155,1309631153,4.208657888,2070.25,Asparagus
Clay Soil,34.71759946,896958031.5,2.541060916,2070.25,Asparagus
Clay Soil,22.11262743,468880863.3,1.493721943,2070.25,Asparagus
Clay Soil,22.23787123,468627920.3,1.485280689,2070.25,Asparagus
Clay Soil,34.74199239,897458571.3,2.527587824,2070.25,Asparagus
Clay Soil,22.08105912,469084338.3,1.490626281,2070.25,Asparagus
Clay Soil,22.01167453,468717603,1.486042352,2070.25,Asparagus
Clay Soil,34.78728302,897322313.8,2.534561915,2070.25,Asparagus
Clay Soil,193.0183225,10826175883,7.367350195,2070.25,Tomatoes
Clay Soil,204.4081098,5560385451,4.958998533,2070.25,Asparagus
Clay Soil,206.8027954,5559024572,4.95348073,2070.25,Asparagus
Clay Soil,193.0177633,10826545225,7.367675068,2070.25,Tomatoes
Clay Soil,204.9332666,5560706179,4.953233664,2070.25,Asparagus
Clay Soil,206.9751943,5560033456,4.957897875,2070.25,Asparagus
Clay Soil,192.7227999,10825193426,7.367669224,2070.25,Tomatoes
Clay Soil,480.7660297,4655641412,7.617917187,958.59375,Tomatoes
Red Soil,1321.246429,7600814214,7.108415733,2605.46875,Groundnuts
Red Soil,231.5662391,2232455477,6.693791002,976.5625,Millets
Red Soil,912.2821907,899403914.3,7.064958388,414.0625,Wheat
Red Soil,434.9317225,98518576571,7.338866343,19200,Groundnuts
Red Soil,288.4350843,622512079.3,7.21507183,196.5820313,Millets
Red Soil,429.0066076,751548791.5,6.549629469,263.671875,Millets
Red Soil,297.2649044,2776441184,6.504563244,3135,Groundnuts
Red Soil,762.9686446,3906846403,6.267420081,547.9140625,Wheat
Red Soil,1635.157232,16119058029,7.400783939,4372.265625,Groundnuts
Red Soil,1014.959719,631100718.8,6.898644169,650.390625,Wheat
Red Soil,1834.859965,13802344375,7.616881847,1875,Millets
Red Soil,204.20605,36797957994,6.641173812,16224,Groundnuts
Red Soil,729.6016166,17975354636,7.122634962,4800,Millets
Red Soil,539.5328088,2110746465,6.722702973,2427.851563,Wheat
Red Soil,1321.246429,7600814214,7.108415733,2605.46875,Groundnuts
Red Soil,231.5662391,2232455477,6.693791002,976.5625,Millets
Red Soil,912.2821907,899403914.3,7.064958388,414.0625,Wheat
Red Soil,434.9317225,98518576571,7.338866343,19200,Groundnuts
Red Soil,288.4350843,622512079.3,7.21507183,196.5820313,Millets
Red Soil,429.0066076,751548791.5,6.549629469,263.671875,Wheat
Red Soil,297.2649044,2776441184,6.504563244,3135,Groundnuts
Red Soil,762.9686446,3906846403,6.267420081,547.9140625,Millets
Red Soil,1635.157232,16119058029,7.400783939,4372.265625,Wheat
Red Soil,1014.959719,631100718.8,6.898644169,650.390625,Groundnuts
Red Soil,1834.859965,13802344375,7.616881847,1875,Millets
Red Soil,204.20605,36797957994,6.641173812,16224,Wheat
Red Soil,729.6016166,17975354636,7.122634962,4800,Groundnuts
Red Soil,539.5328088,2110746465,6.722702973,2427.851563,Millets
Red Soil,1421.985485,455654622.3,7.360497251,196.5820313,Wheat
Red Soil,475.8347894,991834219.8,7.099191139,196.2734375,Groundnuts
Red Soil,735.7986658,276867552.5,6.805055565,196.5820313,Millets
Red Soil,2037.582471,1346727061,7.232335438,504.21875,Wheat
Red Soil,1999.231339,67482084,7.027685979,39.0625,Groundnuts
Red Soil,735.7986658,276867552.5,6.805055565,196.5820313,Millets
Red Soil,1082.88097,202790806,6.810942416,196.5820313,Wheat
Red Soil,1421.985485,455654622.3,7.360497251,196.5820313,Groundnuts
Red Soil,2003.393396,581003262.3,7.286278115,196.875,Millets
Red Soil,1113.864048,1388381727,6.479992035,196.171875,Wheat
Red Soil,190.3543774,1625996084,6.386474268,196.5820313,Groundnuts
Red Soil,833.9556543,40054768,6.570862676,39.0625,Millets
Red Soil,622.5995087,186169921,6.391754182,197.7539063,Wheat
Red Soil,576.1845626,447364438.3,6.354271481,196.6796875,Groundnuts
Red Soil,571.3525629,348511256.8,6.556470485,197.296875,Millets
Red Soil,335.2397978,801030840.8,6.700444612,196.6796875,Wheat
Red Soil,188.4193146,1107301216,7.182040044,197.03125,Groundnuts
Red Soil,357.6971488,70746356.75,6.035668829,39.0625,Millets
Red Soil,283.138914,797709046.3,7.244313591,196.5820313,Wheat
Red Soil,475.8347894,991834219.8,7.099191139,196.2734375,Groundnuts
Red Soil,230.9123214,36744008.75,5.812517892,39.0625,Millets
Red Soil,260.6202081,87158110.75,5.604802465,39.0625,Wheat
Red Soil,697.1147004,235057934.5,6.887402063,196.5820313,Groundnuts
Red Soil,591.5934456,500065439.3,6.278260826,196.5820313,Millets
Red Soil,832.1714307,429665092.3,6.972975993,196.859375,Wheat
Red Soil,372.0546772,740674616.8,7.009174906,196.5820313,Groundnuts
Red Soil,60.13187552,483673865.3,5.461977186,196.5820313,Millets
Red Soil,1.276755853,279925296,1.611893546,196.875,Wheat
Red Soil,1053.191213,339765485.5,6.83408054,196.5820313,Groundnuts
Red Soil,223.355682,720931615,5.946367239,196.5820313,Millets
Red Soil,421.9435558,453151450,6.643122327,197.7539063,Wheat
Red Soil,208.0946878,228194855.5,7.071280507,39.0625,Groundnuts
Red Soil,239.6975887,451692086.5,6.802147619,196.2734375,Millets
Red Soil,591.5934456,500065439.3,6.278260826,196.5820313,Wheat
Red Soil,264.1107563,296504555.3,5.702807405,39.0625,Groundnuts
Red Soil,118.8749795,1228712039,6.78956346,196.9375,Millets
Red Soil,321.9620217,630667254.3,6.468588186,196.7695313,Wheat
Red Soil,1208.353431,111786436.5,6.880810983,39.0625,Groundnuts
Red Soil,933.9149348,712347480.5,7.086005222,197.296875,Millets
Red Soil,2026.487684,469425337.3,7.44265486,196.5820313,Wheat
Red Soil,652.3845653,169032291.3,6.888049845,197.2265625,Groundnuts
Red Soil,267.270295,2456094181,4.53667535,196.359375,Millets
Red Soil,1081.414769,343499019,7.115159291,196.625,Wheat
Red Soil,125.7090792,193489438,5.438846864,196.5820313,Groundnuts
Red Soil,1464.335804,505435730.8,7.025450576,196.5820313,Millets
Red Soil,989.2350416,55713980.75,6.681891692,39.0625,Wheat
Red Soil,890.3276347,201001329.3,6.799877523,196.5820313,Groundnuts
Red Soil,670.4062967,513931680.3,6.695674643,196.2734375,Millets
Red Soil,51.39812219,269173803.8,4.86093852,196.2734375,Wheat
Red Soil,604.7239319,477296075.3,7.213099872,196.5820313,Groundnuts
Red Soil,915.0364887,586649740.5,7.276992443,197.5703125,Millets
Red Soil,360.0904862,537529474,7.00016042,196.2734375,Wheat
Red Soil,317.1295515,318512793,6.97869326,196.7109375,Groundnuts
Red Soil,635.5631459,525192436,6.880891191,196.5820313,Groundnuts
Red Soil,457.9121971,172989259.5,6.289668257,196.8632813,Millets
Red Soil,1036.92129,476881420.8,6.999258443,197.7539063,Wheat
Red Soil,159.7566578,306015872.3,5.770115135,196.5820313,Groundnuts
Red Soil,273.7848842,120472365.8,6.19513925,39.0625,Millets
Red Soil,1363.063678,93218202.5,7.229217998,39.0625,Wheat
Red Soil,311.8775768,560822765,6.479227228,196.2734375,Groundnuts
Red Soil,1164.167159,308768403,7.060770849,197.0742188,Millets
Red Soil,2293.010991,543083800,7.310776467,197.5234375,Wheat
Red Soil,357.6971488,70746356.75,6.035668829,39.0625,Groundnuts
Red Soil,541.5444406,313390315.8,6.733000617,196.453125,Millets
Red Soil,312.6401551,1335964095,6.696775743,196.2734375,Wheat
Red Soil,404.9999268,434790036.5,6.203923724,196.5820313,Groundnuts
Red Soil,263.6566849,702079291.5,6.332006912,196.2734375,Millets
Red Soil,775.1000434,490135656.3,6.794081556,197.265625,Wheat
Red Soil,647.6678143,614717291.3,7.324175518,196.5820313,Groundnuts
Red Soil,1795.045585,137638318.5,7.203133293,39.0625,Millets
Red Soil,384.7841692,63731088,6.074899009,39.0625,Wheat
Red Soil,463.0923801,495079942.5,6.166464292,196.5820313,Groundnuts
Red Soil,1649.542376,1326266145,6.082918391,197.7539063,Millets
Red Soil,404.9532959,605400336.8,6.888793575,196.2734375,Wheat
Red Soil,265.5084161,509080776.5,6.113294381,196.9921875,Groundnuts
Red Soil,812.060681,1454158949,7.368538733,196.2734375,Millets
Red Soil,353.3497173,701998737.3,6.082155934,196.5820313,Wheat
Red Soil,309.0331454,809089454.8,6.319629924,196.2734375,Groundnuts
Red Soil,276.5734036,429476999.5,7.010599911,196.078125,Millets
Red Soil,944.8482457,583096217.8,6.658340516,196.5820313,Wheat
Red Soil,647.5261925,721896626.8,6.694549674,196.2734375,Groundnuts
Red Soil,544.668582,59683205,6.56765216,39.0625,Millets
Red Soil,916.0935181,171847249.3,6.767869205,196.2734375,Wheat
Red Soil,104.3643189,1.31305E+11,6.66482662,19200,Groundnuts
Red Soil,714.8551929,962829282.5,6.355089936,426.5625,Millets
Red Soil,416.5349238,1317566720,6.481590826,1406.25,Wheat
Red Soil,112.7935064,7494900626,5.386225029,976.5625,Groundnuts
Red Soil,370.5630755,2310958602,6.596403123,724.609375,Millets
Red Soil,1215.923969,4290052173,7.226696269,1665.625,Wheat
Red Soil,398.6906458,3713795483,6.91735452,1200,Groundnuts
Red Soil,294.4105073,4659408795,7.004129333,1914.0625,Millets
Red Soil,128.6474533,4282748947,7.078303789,1935.9375,Wheat
Red Soil,261.3849005,3878237962,4.324391906,2070.25,Groundnuts
Red Soil,129.777779,2052021252,2.589104965,2070.25,Millets
Red Soil,129.731215,2052073343,2.584693419,2070.25,Wheat
Red Soil,261.5404184,3878717220,4.325588666,2070.25,Groundnuts
Red Soil,130.1644184,2052368739,2.586439774,2070.25,Millets
Red Soil,130.2395305,2052538728,2.574969196,2070.25,Wheat
Red Soil,261.0312887,3878063765,4.318498144,2070.25,Groundnuts
Red Soil,146.4896672,825974160.3,4.199398407,2070.25,Millets
Red Soil,90.00177428,429826711.5,2.494835339,2070.25,Wheat
Red Soil,89.37294715,429675609,2.504027811,2070.25,Groundnuts
Red Soil,146.4390326,826012574.8,4.188352877,2070.25,Millets
Red Soil,89.84510759,429843826.5,2.505305427,2070.25,Wheat
Red Soil,90.14521996,429650573,2.496635389,2070.25,Groundnuts
Red Soil,148.1981145,826097696.8,4.19096013,2070.25,Millets
Red Soil,641.7896272,2899561127,6.786881103,1656.25,Wheat
Red Soil,2037.582471,1346727061,7.232335438,504.21875,Groundnuts
Red Soil,1999.231339,67482084,7.027685979,39.0625,Millets
Red Soil,735.7986658,276867552.5,6.805055565,196.5820313,Wheat
Red Soil,1082.88097,202790806,6.810942416,196.5820313,Groundnuts
Red Soil,1421.985485,455654622.3,7.360497251,196.5820313,Millets
Red Soil,2003.393396,581003262.3,7.286278115,196.875,Wheat
Red Soil,1113.864048,1388381727,6.479992035,196.171875,Groundnuts
Red Soil,190.3543774,1625996084,6.386474268,196.5820313,Millets
Red Soil,833.9556543,40054768,6.570862676,39.0625,Wheat
Red Soil,622.5995087,186169921,6.391754182,197.7539063,Groundnuts
Red Soil,576.1845626,447364438.3,6.354271481,196.6796875,Millets
Red Soil,571.3525629,348511256.8,6.556470485,197.296875,Wheat
Red Soil,335.2397978,801030840.8,6.700444612,196.6796875,Groundnuts
Red Soil,188.4193146,1107301216,7.182040044,197.03125,Millets
Red Soil,357.6971488,70746356.75,6.035668829,39.0625,Wheat
Red Soil,283.138914,797709046.3,7.244313591,196.5820313,Groundnuts
Red Soil,475.8347894,991834219.8,7.099191139,196.2734375,Millets
Red Soil,230.9123214,36744008.75,5.812517892,39.0625,Wheat
Red Soil,260.6202081,87158110.75,5.604802465,39.0625,Groundnuts
Red Soil,832.1714307,429665092.3,6.972975993,196.859375,Millets
Red Soil,208.0946878,228194855.5,7.071280507,39.0625,Wheat
Red Soil,591.5934456,500065439.3,6.278260826,196.5820313,Groundnuts
Red Soil,321.9620217,630667254.3,6.468588186,196.7695313,Millets
Red Soil,1208.353431,111786436.5,6.880810983,39.0625,Wheat
Red Soil,2026.487684,469425337.3,7.44265486,196.5820313,Groundnuts
Red Soil,267.270295,2456094181,4.53667535,196.359375,Millets
Red Soil,1081.414769,343499019,7.115159291,196.625,Groundnuts
Red Soil,125.7090792,193489438,5.438846864,196.5820313,Millets
Red Soil,989.2350416,55713980.75,6.681891692,39.0625,Wheat
Red Soil,890.3276347,201001329.3,6.799877523,196.5820313,Groundnuts
Red Soil,670.4062967,513931680.3,6.695674643,196.2734375,Millets
Red Soil,51.39812219,269173803.8,4.86093852,196.2734375,Wheat
Red Soil,604.7239319,477296075.3,7.213099872,196.5820313,Groundnuts
Red Soil,915.0364887,586649740.5,7.276992443,197.5703125,Millets
Red Soil,360.0904862,537529474,7.00016042,196.2734375,Wheat
Red Soil,317.1295515,318512793,6.97869326,196.7109375,Groundnuts
Red Soil,635.5631459,525192436,6.880891191,196.5820313,Millets
Red Soil,457.9121971,172989259.5,6.289668257,196.8632813,Wheat
Red Soil,1036.92129,476881420.8,6.999258443,197.7539063,Groundnuts
Red Soil,159.7566578,306015872.3,5.770115135,196.5820313,Millets
Red Soil,273.7848842,120472365.8,6.19513925,39.0625,Wheat
Red Soil,1363.063678,93218202.5,7.229217998,39.0625,Groundnuts
Red Soil,311.8775768,560822765,6.479227228,196.2734375,Millets
Red Soil,1164.167159,308768403,7.060770849,197.0742188,Wheat
Red Soil,2293.010991,543083800,7.310776467,197.5234375,Groundnuts
Red Soil,357.6971488,70746356.75,6.035668829,39.0625,Millets
Red Soil,541.5444406,313390315.8,6.733000617,196.453125,Wheat
Red Soil,312.6401551,1335964095,6.696775743,196.2734375,Groundnuts
Red Soil,404.9999268,434790036.5,6.203923724,196.5820313,Millets
Red Soil,263.6566849,702079291.5,6.332006912,196.2734375,Wheat
Red Soil,775.1000434,490135656.3,6.794081556,197.265625,Groundnuts
Red Soil,1795.045585,137638318.5,7.203133293,39.0625,Millets
Red Soil,384.7841692,63731088,6.074899009,39.0625,Wheat
Red Soil,463.0923801,495079942.5,6.166464292,196.5820313,Groundnuts
Red Soil,1649.542376,1326266145,6.082918391,197.7539063,Millets
Red Soil,404.9532959,605400336.8,6.888793575,196.2734375,Wheat
Red Soil,265.5084161,509080776.5,6.113294381,196.9921875,Groundnuts
Red Soil,812.060681,1454158949,7.368538733,196.2734375,Millets
Red Soil,353.3497173,701998737.3,6.082155934,196.5820313,Wheat
Red Soil,309.0331454,809089454.8,6.319629924,196.2734375,Groundnuts
Red Soil,276.5734036,429476999.5,7.010599911,196.078125,Millets
Red Soil,944.8482457,583096217.8,6.658340516,196.5820313,Wheat
Red Soil,647.5261925,721896626.8,6.694549674,196.2734375,Groundnuts
Red Soil,104.3643189,1.31305E+11,6.66482662,19200,Millets
Red Soil,714.8551929,962829282.5,6.355089936,426.5625,Wheat
Red Soil,112.7935064,7494900626,5.386225029,976.5625,Groundnuts
Red Soil,370.5630755,2310958602,6.596403123,724.609375,Millets
Red Soil,1215.923969,4290052173,7.226696269,1665.625,Wheat
Red Soil,398.6906458,3713795483,6.91735452,1200,Groundnuts
Red Soil,294.4105073,4659408795,7.004129333,1914.0625,Millets
Red Soil,128.6474533,4282748947,7.078303789,1935.9375,Wheat
Red Soil,267.8968732,410958584.3,5.627405909,196.6796875,Groundnuts
Red Soil,656.3401813,134038727.3,6.668958492,196.5820313,Millets
Red Soil,85.1415271,201565399,6.230727892,105.46875,Wheat
Red Soil,198.047813,204703943.8,7.056667997,106.078125,Groundnuts
Red Soil,2028.942047,481133989.3,7.351806515,197.7539063,Millets
Red Soil,332.700651,400183404.3,6.324089362,196.171875,Wheat
Red Soil,275.049164,959186114.5,7.155467786,196.5820313,Groundnuts
Red Soil,452.4550479,253738396,7.195703971,106.9140625,Millets
Red Soil,256.5975674,116309174.3,6.843877979,91.609375,Wheat
Red Soil,586.5697686,177399039.3,6.818751992,197.65625,Groundnuts
Red Soil,858.8298942,226089780,7.124251248,97.3984375,Millets
Red Soil,338.8844059,158915953,6.17193373,104.125,Wheat
Red Soil,884.4866274,348052583,7.129559254,154.6875,Groundnuts
Red Soil,967.2242947,256490680.8,7.07630672,95.72265625,Millets
Red Soil,688.1959253,561145237.5,6.397025545,196.5820313,Wheat
Red Soil,312.81172,1072587630,6.423818055,196.5820313,Groundnuts
Red Soil,1165.462715,284043618.8,7.600899736,98.765625,Millets
Red Soil,642.8471308,417029317.5,6.587946863,150,Wheat
Red Soil,355.6584449,100376367.8,6.570606676,130.046875,Groundnuts
Red Soil,737.8723776,198974837.5,7.027079228,129,Millets
Red Soil,428.8861475,52255456.25,6.976524442,49.25,Wheat
Red Soil,583.740497,491148913.5,7.259556087,196.9375,Groundnuts
Red Soil,189.7905095,127892681.5,6.569139758,104.4257813,Millets
Red Soil,284.6249859,58907942,6.244005835,120.0625,Wheat
Red Soil,1211.852501,126732756,6.547641365,197.03125,Groundnuts
Red Soil,298.5438124,719274857.3,6.956558481,196.9375,Groundnuts
Red Soil,415.0831346,1556591502,5.924924966,197.7539063,Millets
Red Soil,275.0423257,139443035,6.319894052,137.9648438,Wheat
Red Soil,1.276755853,279925296,1.611893546,196.875,Groundnuts
Red Soil,702.5451794,273722115.8,6.79250122,196.5820313,Millets
Red Soil,357.0084086,70917523.5,6.050312628,39.0625,Wheat
Red Soil,158.6111379,85585521.5,6.477641758,39.0625,Groundnuts
Red Soil,158.0952439,1106392161,7.154737455,197.03125,Millets
Red Soil,274.2148922,126803850,6.109667944,122.609375,Wheat
Red Soil,302.6769233,688116684.5,6.281948055,196.7695313,Groundnuts
Red Soil,288.9741594,179088762.3,6.67399526,139.453125,Millets
Red Soil,1999.231339,67482084,7.027685979,39.0625,Wheat
Red Soil,265.5084161,509080776.5,6.113294381,196.9921875,Groundnuts
Red Soil,808.2093826,525230108.5,6.593347301,197.03125,Millets
Red Soil,1822.988591,357320309.3,7.276567598,196.2734375,Wheat
Red Soil,430.7239585,74261951.25,6.53155389,56.77734375,Groundnuts
Red Soil,611.1634235,306237403.8,6.698469305,75.15234375,Millets
Red Soil,735.7986658,276867552.5,6.805055565,196.5820313,Wheat
Red Soil,398.6906458,3713795483,6.91735452,1200,Groundnuts
Red Soil,230.9123214,36744008.75,5.812517892,39.0625,Millets
Red Soil,283.138914,797709046.3,7.244313591,196.5820313,Wheat
Red Soil,916.0935181,171847249.3,6.767869205,196.2734375,Groundnuts
Red Soil,1053.191213,339765485.5,6.83408054,196.5820313,Millets
Red Soil,421.9435558,453151450,6.643122327,197.7539063,Wheat
Red Soil,611.1634235,306237403.8,6.698469305,75.15234375,Groundnuts
Red Soil,583.740497,491148913.5,7.259556087,196.9375,Millets
Red Soil,415.0831346,1556591502,5.924924966,197.7539063,Wheat
Red Soil,261.3849005,3878237962,4.324391906,2070.25,Groundnuts
Red Soil,129.777779,2052021252,2.589104965,2070.25,Millets
Red Soil,129.731215,2052073343,2.584693419,2070.25,Wheat
Red Soil,261.5404184,3878717220,4.325588666,2070.25,Groundnuts
Red Soil,130.1644184,2052368739,2.586439774,2070.25,Millets
Red Soil,130.2395305,2052538728,2.574969196,2070.25,Wheat
Red Soil,261.0312887,3878063765,4.318498144,2070.25,Groundnuts
Red Soil,146.4896672,825974160.3,4.199398407,2070.25,Millets
Red Soil,90.00177428,429826711.5,2.494835339,2070.25,Wheat
Red Soil,89.37294715,429675609,2.504027811,2070.25,Groundnuts
Red Soil,146.4390326,826012574.8,4.188352877,2070.25,Millets
Red Soil,89.84510759,429843826.5,2.505305427,2070.25,Wheat
Red Soil,90.14521996,429650573,2.496635389,2070.25,Groundnuts
Red Soil,148.1981145,826097696.8,4.19096013,2070.25,Millets
Red Soil,641.7896272,2899561127,6.786881103,1656.25,Wheat